	x	y_true	y
0	0.0	0.0	-0.08241586983147325
1	0.01001001001001001	0.05004921421589592	0.6868622310550029
2	0.02002002002002002	0.10009341352736739	1.0432544837754905
3	0.03003003003003003	0.15012758353248068	-0.6148322373628531
4	0.04004004004004004	0.20014671083423322	0.7562851136122786
5	0.050050050050050046	0.25014578354289313	0.8443306204053864
6	0.06006006006006006	0.3001197917781882	0.2622133334219541
7	0.07007007007007007	0.3500637281712929	0.5067940245698688
8	0.08008008008008008	0.39997258836656396	1.3672073975092187
9	0.09009009009009009	0.4498413715229748	1.5451918631103008
10	0.10010010010010009	0.4996650808151962	-0.25607909865046097
11	0.11011011011011011	0.5494387239342763	1.0925069615251843
12	0.12012012012012012	0.5991573135878665	0.24504021253601366
13	0.13013013013013014	0.6488158679999463	0.48965135372010316
14	0.14014014014014015	0.6984094114099942	0.6260085136355502
15	0.15015015015015015	0.7479329745715559	0.5804783727092271
16	0.16016016016016016	0.7973815952501611	0.8016843976532021
17	0.17017017017017017	0.8467503187205351	0.9556353487641459
18	0.18018018018018017	0.8960341982630616	1.2175690037343554
19	0.19019019019019018	0.9452282956594402	1.458445759738781
20	0.20020020020020018	0.9943276816874926	1.2803005917493004
21	0.21021021021021022	1.0433274366150702	1.2989864114836385
22	0.22022022022022023	1.0922226506930057	1.090680767845261
23	0.23023023023023023	1.1410084246470698	1.292847788439755
24	0.24024024024024024	1.1896798701688749	0.5886008947101963
25	0.2502502502502503	1.2382321104056808	1.6212485154121163
26	0.2602602602602603	1.2866602804490528	1.2390591495893102
27	0.2702702702702703	1.3349595278223234	1.336077443009373
28	0.2802802802802803	1.3831250129668071	0.7574905704346971
29	0.2902902902902903	1.4311519097267225	2.014270996645939
30	0.3003003003003003	1.4790354058327695	0.6558671972169883
31	0.3103103103103103	1.5267707033843172	1.3693799070248454
32	0.3203203203203203	1.5743530193301494	1.3790112233996248
33	0.3303303303303303	1.621777585947726	0.5671023602834055
34	0.34034034034034033	1.6690396513209038	1.8884402783610676
35	0.35035035035035034	1.7161344798160783	1.7169039106592192
36	0.36036036036036034	1.7630573525566893	1.8142008484941947
37	0.37037037037037035	1.8098035678960522	1.9084868400826638
38	0.38038038038038036	1.8563684418884583	1.1590196648880657
39	0.39039039039039036	1.9027473087585052	1.4679836048862114
40	0.40040040040040037	1.948935521368604	2.27859895686077
41	0.41041041041041043	1.9949284516846206	2.485070122886831
42	0.42042042042042044	2.0407214912396023	0.9030281641260174
43	0.43043043043043044	2.0863100515955426	1.6438943283538867
44	0.44044044044044045	2.131689564803142	2.391755415590429
45	0.45045045045045046	2.1768554838595136	2.5122204819203575
46	0.46046046046046046	2.2218032831637884	2.3974006613982968
47	0.47047047047047047	2.2665284589705803	2.317378744088455
48	0.4804804804804805	2.3110265298412584	2.198199780352208
49	0.4904904904904905	2.3552930370929843	2.9042466882592795
50	0.5005005005005005	2.3993235452454713	1.6376440637145926
51	0.5105105105105106	2.4431136424654136	2.4204952616976034
52	0.5205205205205206	2.486658941008554	2.0002955418833586
53	0.5305305305305306	2.5299550776593294	2.5176326960427344
54	0.5405405405405406	2.5729977141680678	2.6303324923625087
55	0.5505505505505506	2.6157825376856714	2.8690958055651263
56	0.5605605605605606	2.65830526119577	2.7105273410544197
57	0.5705705705705706	2.70056162394427	3.097514954680257
58	0.5805805805805806	2.7425473918662857	2.1435673138360256
59	0.5905905905905906	2.7842583580103875	2.2095260067399574
60	0.6006006006006006	2.8256903429601348	2.4782371895865825
61	0.6106106106106106	2.8668391952528562	3.2493214742206016
62	0.6206206206206206	2.9077007917956177	3.535998730174101
63	0.6306306306306306	2.948271038278359	2.5325993019105173
64	0.6406406406406406	2.988545869584139	2.340558388597466
65	0.6506506506506506	3.0285212501964596	3.153321547636719
66	0.6606606606606606	3.0681931746036213	3.827211546378638
67	0.6706706706706707	3.107557667700072	2.3865686271837148
68	0.6806806806806807	3.1466107851847154	3.3356140020840765
69	0.6906906906906907	3.185348613956121	3.3956516644970334
70	0.7007007007007007	3.2237672725046207	2.9959601304165173
71	0.7107107107107107	3.2618629113012303	2.778102127216769
72	0.7207207207207207	3.299631713183373	4.340587187299101
73	0.7307307307307307	3.337069893737354	2.6207202411721653
74	0.7407407407407407	3.374173701677558	3.1244184091631184
75	0.7507507507507507	3.410939419222328	2.9891269782706678
76	0.7607607607607607	3.447363362466483	3.3945937642068658
77	0.7707707707707707	3.4834418817504416	3.7471154381519844
78	0.7807807807807807	3.519171362025921	3.721574219251635
79	0.7907907907907907	3.5545482232181564	3.3467746387165316
80	0.8008008008008007	3.5895689205846297	3.177870621805258
81	0.8108108108108109	3.624229945070245	3.4698564964654106
82	0.8208208208208209	3.658527823658936	3.4398008157409707
83	0.8308308308308309	3.692459119721661	3.909594824055798
84	0.8408408408408409	3.726020433360752	3.7721677383404715
85	0.8508508508508509	3.7592084017505787	4.131194425941785
86	0.8608608608608609	3.7920196994745075	3.009674511702236
87	0.8708708708708709	3.8244510388581023	4.313996930472847
88	0.8808808808808809	3.8564991702985485	4.1927820081111555
89	0.8908908908908909	3.888160882590262	4.027555655308479
90	0.9009009009009009	3.9194330032466502	4.426699219328113
91	0.9109109109109109	3.950312398817995	3.933377170465464
92	0.9209209209209209	3.9807959752054183	3.615325662578655
93	0.9309309309309309	4.010880677970915	4.601844137100237
94	0.9409409409409409	4.0405634926434	3.452978264567158
95	0.950950950950951	4.069841445020764	5.162805988585852
96	0.960960960960961	4.098711601467875	3.3774559777280646
97	0.970970970970971	4.127171069210544	3.7786188940798096
98	0.980980980980981	4.155216996625363	4.413671296979318
99	0.990990990990991	4.182846573525445	4.225681744084426
100	1.001001001001001	4.210057031442003	3.9771122953518656
101	1.011011011011011	4.236845643901744	3.773187356511652
102	1.021021021021021	4.263209726700067	4.71237194311075
103	1.031031031031031	4.289146638170013	4.311624797811517
104	1.0410410410410411	4.314653779446964	3.8723452786779142
105	1.0510510510510511	4.339728594729039	3.6477905734700222
106	1.0610610610610611	4.3643685715331975	3.7299327065642993
107	1.0710710710710711	4.388571240946975	4.757085556499068
108	1.0810810810810811	4.412334177875877	4.24282070432636
109	1.0910910910910911	4.435655001286365	4.65108418481125
110	1.1011011011011012	4.458531374444441	4.628928832181295
111	1.1111111111111112	4.480961005149782	4.80439347050836
112	1.1211211211211212	4.50294164596542	4.14825773819903
113	1.1311311311311312	4.524471094442931	5.235001606875426
114	1.1411411411411412	4.545547193343126	4.329056325782165
115	1.1511511511511512	4.566167830852196	4.982022396181468
116	1.1611611611611612	4.586330940793322	4.171212669621875
117	1.1711711711711712	4.606034502833699	5.600175560648948
118	1.1811811811811812	4.625276542686979	4.603445531537307
119	1.1911911911911912	4.644055132311086	4.042515542583599
120	1.2012012012012012	4.6623683901014115	3.2822867213772753
121	1.2112112112112112	4.680214481079345	3.9705810819327025
122	1.2212212212212212	4.697591617076141	4.766448695039017
123	1.2312312312312312	4.714498056912092	4.760974777321108
124	1.2412412412412412	4.730932106570992	5.085952558888747
125	1.2512512512512513	4.746892119369878	4.741092299859219
126	1.2612612612612613	4.762376496124029	4.60429841130784
127	1.2712712712712713	4.7773836853071945	4.85006467776411
128	1.2812812812812813	4.791912183207068	5.2217421815163245
129	1.2912912912912913	4.805960534075952	5.254340084300735
130	1.3013013013013013	4.819527330276622	5.103675716703875
131	1.3113113113113113	4.832611212423375	4.477114262124869
132	1.3213213213213213	4.845210869518234	5.122764873429936
133	1.3313313313313313	4.857325039082319	5.108157457575678
134	1.3413413413413413	4.868952507282333	4.55457874158533
135	1.3513513513513513	4.8800921090522	4.846750758851613
136	1.3613613613613613	4.890742728209794	4.716864424121829
137	1.3713713713713713	4.900903297568789	5.8132557730314165
138	1.3813813813813813	4.910572799045583	4.4549086461504315
139	1.3913913913913913	4.919750263761314	4.615783464439409
140	1.4014014014014013	4.92843477213894	4.51611668950953
141	1.4114114114114114	4.936625453995377	4.601873245735535
142	1.4214214214214214	4.944321488628696	4.611126337770728
143	1.4314314314314314	4.951522104900355	5.489325560216007
144	1.4414414414414414	4.958226581312464	5.776042212605984
145	1.4514514514514514	4.964434246080082	6.011268901859353
146	1.4614614614614614	4.970144477198529	3.7766009385141732
147	1.4714714714714714	4.9753567025057075	4.40801207548681
148	1.4814814814814814	4.980070399739439	4.638449179018299
149	1.4914914914914914	4.984285096589788	4.540166301903346
150	1.5015015015015014	4.988000370746389	5.292026955670332
151	1.5115115115115114	4.991215849940765	5.072286022558086
152	1.5215215215215214	4.993931211983625	5.2072915973357325
153	1.5315315315315314	4.996146184797148	4.399673575697289
154	1.5415415415415414	4.997860546442246	4.346141703050706
155	1.5515515515515514	4.999074125140802	5.462907230963938
156	1.5615615615615615	4.999786799292882	3.715446815866879
157	1.5715715715715715	4.9999984974889164	5.742711770903552
158	1.5815815815815815	4.999709198516859	5.851212246050868
159	1.5915915915915915	4.998918931364314	5.334390330832848
160	1.6016016016016015	4.9976277752156255	4.516114788241302
161	1.6116116116116117	4.995835859443947	4.944033899137169
162	1.6216216216216217	4.993543363598277	4.956098334206163
163	1.6316316316316317	4.990750517385471	5.305588814421884
164	1.6416416416416417	4.98745760064722	5.187424320574127
165	1.6516516516516517	4.983664943332018	4.5468688589746735
166	1.6616616616616617	4.979372925462092	4.651123609681671
167	1.6716716716716717	4.974581977095332	5.118025535991657
168	1.6816816816816818	4.969292578282195	5.0516648642952235
169	1.6916916916916918	4.963505259017605	4.611909314686723
170	1.7017017017017018	4.957220599187849	5.634301396986501
171	1.7117117117117118	4.950439228512471	4.781060005439154
172	1.7217217217217218	4.943161826481177	4.578137672207362
173	1.7317317317317318	4.935389122285748	5.179811424200878
174	1.7417417417417418	4.927121894746975	5.2995711193380295
175	1.7517517517517518	4.918360972236624	4.351443979983898
176	1.7617617617617618	4.909107232594434	5.865861281035194
177	1.7717717717717718	4.899361603040154	5.137096887649377
178	1.7817817817817818	4.889125060080636	5.238972186924161
179	1.7917917917917918	4.878398629411999	4.435488881934452
180	1.8018018018018018	4.867183385816841	4.283169786477895
181	1.8118118118118118	4.8554804530565585	5.220784297814085
182	1.8218218218218218	4.843291003758736	4.7397452861155305
183	1.8318318318318318	4.830616259299657	5.494728829304768
184	1.8418418418418419	4.817457489681919	5.188775580423671
185	1.8518518518518519	4.8038160134071815	5.236293483832653
186	1.8618618618618619	4.78969319734405	4.795418393435377
187	1.8718718718718719	4.775090456591123	4.526944077667261
188	1.8818818818818819	4.76000925433519	4.4066549879877694
189	1.8918918918918919	4.744451101704633	4.459942877959855
190	1.901901901901902	4.728417557617998	4.993199050703135
191	1.911911911911912	4.711910228627808	5.049899129966832
192	1.921921921921922	4.694930768759573	5.151686514302716
193	1.931931931931932	4.677480879346067	4.485373392933807
194	1.941941941941942	4.659562308856851	4.020655086569414
195	1.951951951951952	4.6411768527230794	5.095571417476989
196	1.961961961961962	4.622326353157597	4.043663677166891
197	1.971971971971972	4.603012698970351	5.608584595614193
198	1.981981981981982	4.5832378253791335	5.364469064276362
199	1.991991991991992	4.563003713815674	4.1441381466828
200	2.002002002002002	4.5423123917270996	4.2603632381334355
201	2.012012012012012	4.521165932372789	4.253764957102703
202	2.022022022022022	4.499566454616627	4.341782618964412
203	2.032032032032032	4.477516122714703	4.811302843365581
204	2.042042042042042	4.455017146098447	4.232175985095929
205	2.052052052052052	4.432071779153254	5.065915624851651
206	2.062062062062062	4.4086823209925825	4.427525570965609
207	2.0720720720720722	4.3848511152276	4.022197709182207
208	2.0820820820820822	4.360580549732344	4.805899883932331
209	2.0920920920920922	4.335873056404461	3.8315115215326774
210	2.1021021021021022	4.310731110921531	3.985479255846908
211	2.1121121121121122	4.2851572324930105	4.953420006845781
212	2.1221221221221223	4.259153983607803	4.801564753375857
213	2.1321321321321323	4.232723969777502	4.351627833415525
214	2.1421421421421423	4.205869839275319	4.003111187174934
215	2.1521521521521523	4.17859428287073	3.2010330750731866
216	2.1621621621621623	4.15090003355986	3.924967159580383
217	2.1721721721721723	4.122789866291637	3.450658793226367
218	2.1821821821821823	4.094266597689746	3.6992406501298607
219	2.1921921921921923	4.0653330857704075	4.1498481980248725
220	2.2022022022022023	4.035992229655997	4.410493794553304
221	2.2122122122122123	4.006246969284564	3.7450098584778746
222	2.2222222222222223	3.9761002851152454	4.38639556077969
223	2.2322322322322323	3.9455551978296284	3.9073407240169904
224	2.2422422422422423	3.914614768029079	3.4237487905666795
225	2.2522522522522523	3.8832820959280703	3.715881181395855
226	2.2622622622622623	3.8515603210435434	3.745190906396324
227	2.2722722722722724	3.819452621880331	3.683495171920158
228	2.2822822822822824	3.7869622156126703	3.7668534354847623
229	2.2922922922922924	3.754092357761847	3.249646698664191
230	2.3023023023023024	3.720846341869988	3.510377370253906
231	2.3123123123123124	3.687227499170059	4.494267078769475
232	2.3223223223223224	3.65323919825207	4.09704964368236
233	2.3323323323323324	3.618884844725544	3.6519743409551295
234	2.3423423423423424	3.584167880878282	2.9028822000525194
235	2.3523523523523524	3.5490917853314445	3.425466584593931
236	2.3623623623623624	3.513660072690994	3.72667027502917
237	2.3723723723723724	3.4778762931955365	3.1356335858742197
238	2.3823823823823824	3.4417440323605875	3.4258397555810016
239	2.3923923923923924	3.4052669106193054	3.286491243543648
240	2.4024024024024024	3.3684485829597284	3.897864503134953
241	2.4124124124124124	3.3312927385585422	3.0837593403221537
242	2.4224224224224224	3.2938031004114303	3.206963752545533
243	2.4324324324324325	3.2559834249600312	3.347050631909765
244	2.4424424424424425	3.2178375017155423	2.4936282398737095
245	2.4524524524524525	3.1793691528790173	3.3424364435395946
246	2.4624624624624625	3.14058223295838	3.7405183572668195
247	2.4724724724724725	3.101480628382205	2.102627640002338
248	2.4824824824824825	3.0620682571103024	3.0224157867950603
249	2.4924924924924925	3.0223490682411382	3.2411966083551484
250	2.5025025025025025	2.982327041616136	4.237258274992205
251	2.5125125125125125	2.9420061874209025	1.9319061861836295
252	2.5225225225225225	2.901390545783404	3.688224604122325
253	2.5325325325325325	2.860484186369151	2.971325561867717
254	2.5425425425425425	2.8192912079734214	2.754415037775667
255	2.5525525525525525	2.7778157381105584	3.1483204558557056
256	2.5625625625625625	2.7360619326004008	3.076019719813146
257	2.5725725725725725	2.6940339751518696	1.782650234346685
258	2.5825825825825826	2.651736076943762	2.7322271205168374
259	2.5925925925925926	2.6091724762027964	1.8243472921021855
260	2.6026026026026026	2.5663474377789397	2.1997027319131868
261	2.6126126126126126	2.523265252718078	2.699920889317882
262	2.6226226226226226	2.479930237832049	2.2286491950040275
263	2.6326326326326326	2.4363467352661066	1.9712070620304585
264	2.6426426426426426	2.392519112063834	2.2940274877838958
265	2.6526526526526526	2.3484517597295724	1.849358965632438
266	2.6626626626626626	2.304149093788395	2.8474721417438063
267	2.6726726726726726	2.2596155533436697	1.588080811363239
268	2.6826826826826826	2.214855600632267	1.8797857518238306
269	2.6926926926926926	2.1698737205774457	0.6467221646235315
270	2.7027027027027026	2.1246744203394643	1.820613347682091
271	2.7127127127127126	2.0792622288639677	1.970285538064873
272	2.7227227227227226	2.0336416964281883	2.031623494718228
273	2.7327327327327327	1.9878173941850117	2.148685493864476
274	2.7427427427427427	1.9417939137049478	1.6014999446903917
275	2.7527527527527527	1.8955758665160598	1.4787155068018087
276	2.7627627627627627	1.8491678836418908	1.8576144611150804
277	2.7727727727727727	1.8025746151374373	1.5139745397541764
278	2.7827827827827827	1.7558007296232168	2.0061506412739236
279	2.7927927927927927	1.7088509138174741	2.0137191071649836
280	2.8028028028028027	1.6617298720665754	1.3521680285566333
281	2.8128128128128127	1.6144423258736347	1.5888353030876432
282	2.8228228228228227	1.5669930134254209	1.930227434747026
283	2.8328328328328327	1.5193866891175958	1.0452246008317903
284	2.8428428428428427	1.4716281230783255	1.8486765472154416
285	2.8528528528528527	1.4237221006903154	1.4079083176120848
286	2.8628628628628627	1.3756734221113176	1.4854736412455276
287	2.8728728728728727	1.3274869017931592	1.6937842883274608
288	2.8828828828828827	1.2791673679993352	0.9775798029246264
289	2.8928928928928928	1.2307196623212184	1.3283453941599417
290	2.9029029029029028	1.1821486391929374	1.3165352854191668
291	2.9129129129129128	1.1334591654049622	1.0523837236114175
292	2.9229229229229228	1.0846561196164555	1.389740304639745
293	2.932932932932933	1.0357443918664335	1.6660460711821576
294	2.942942942942943	0.9867288830837871	0.5137027709567664
295	2.952952952952953	0.9376145045962104	1.49160192680648
296	2.962962962962963	0.8884061776380893	0.2920032183939423
297	2.972972972972973	0.839108832857396	1.2740327924545496
298	2.982982982982983	0.7897274098216407	1.5026016249202918
299	2.992992992992993	0.7402668565229298	0.7557164937811979
300	3.003003003003003	0.6907321288821795	1.3025827923627924
301	3.013013013013013	0.6411281902525352	0.5271520674004713
302	3.023023023023023	0.5914600109220467	0.03600668499094761
303	3.033033033033033	0.5417325676156469	-0.4976960454347138
304	3.043043043043043	0.491950842996488	1.2775002866479184
305	3.053053053053053	0.44211982516668014	0.6691393612845975
306	3.063063063063063	0.3922445071674869	0.3426271118914523
307	3.073073073073073	0.34232988647902507	-0.06057220863127316
308	3.083083083083083	0.29238096451952	0.4407909505636986
309	3.093093093093093	0.24240274614416563	0.48780989336748604
310	3.103103103103103	0.19240023914364138	0.29211647659502243
311	3.113113113113113	0.14237845374233374	-0.09747290399561734
312	3.123123123123123	0.09234240209631467	-0.22024927978907288
313	3.133133133133133	0.04229709779112616	-0.06872277358555443
314	3.143143143143143	-0.0077524446605782785	0.1187958484358547
315	3.153153153153153	-0.05780121032148515	-0.20785980419953393
316	3.163163163163163	-0.10784418433211496	0.0029737838535846828
317	3.173173173173173	-0.1578763524133085	0.3802367812338769
318	3.183183183183183	-0.2078927013686548	-0.4414854172592151
319	3.193193193193193	-0.25788821958681096	0.41778668196680113
320	3.203203203203203	-0.30785789754366266	0.71912387206204
321	3.2132132132132134	-0.3577967283042782	0.12284877370400327
322	3.2232232232232234	-0.40769970802459177	-0.7827850055013856
323	3.2332332332332334	-0.457561836452799	-0.8251639777398192
324	3.2432432432432434	-0.5073781174303712	-0.1310717925583783
325	3.2532532532532534	-0.5571435593926695	-1.1483356928152602
326	3.2632632632632634	-0.6068531758690967	-0.8884233440417877
327	3.2732732732732734	-0.6565019859827403	-0.10571325569407986
328	3.2832832832832834	-0.7060850149494518	-0.645950698485181
329	3.2932932932932935	-0.7555972945763187	-0.1593859924159301
330	3.3033033033033035	-0.8050338637594746	-0.6899726423685208
331	3.3133133133133135	-0.8543897689811987	-0.3184896265836906
332	3.3233233233233235	-0.9036600648062559	0.36286821146686077
333	3.3333333333333335	-0.9528398143774269	-0.7188428176654731
334	3.3433433433433435	-1.0019240899101782	-0.8749688277571305
335	3.3533533533533535	-1.0509079731864244	-0.5110013341120574
336	3.3633633633633635	-1.0997865560473292	-1.3954447239558831
337	3.3733733733733735	-1.1485549408851026	-1.3495407612280836
338	3.3833833833833835	-1.1972082411337368	-0.49145089119405827
339	3.3933933933933935	-1.2457415817586384	-0.7198771646237522
340	3.4034034034034035	-1.2941500997451039	-1.4403512688230673
341	3.4134134134134135	-1.3424289445855908	-0.9699274807000329
342	3.4234234234234235	-1.390573278765737	-1.2269177662914323
343	3.4334334334334335	-1.4385782782490761	-2.058248515209582
344	3.4434434434434436	-1.4864391329604032	-1.6437041547637758
345	3.4534534534534536	-1.5341510472677433	-1.6296362381085392
346	3.4634634634634636	-1.5817092404628688	-2.383355959728903
347	3.4734734734734736	-1.6291089472403257	-1.8666989695229286
348	3.4834834834834836	-1.6763454181749147	-1.9574769731881916
349	3.4934934934934936	-1.7234139201975787	-1.0683573245183262
350	3.5035035035035036	-1.7703097370696572	-2.3198479200520428
351	3.5135135135135136	-1.8170281698554482	-1.734427229878236
352	3.5235235235235236	-1.863564537393041	-1.621565595900785
353	3.5335335335335336	-1.9099141767633636	-1.8945135258687753
354	3.5435435435435436	-1.9560724437574075	-0.630016782881504
355	3.5535535535535536	-2.0020347133415735	-1.1726757788244861
356	3.5635635635635636	-2.0477963801210968	-1.7956028307370977
357	3.5735735735735736	-2.0933528588015076	-1.6800041930584206
358	3.5835835835835836	-2.1386995846480725	-2.01893166022557
359	3.5935935935935936	-2.1838320139431797	-1.7755322020136557
360	3.6036036036036037	-2.228745624441617	-2.742307798225715
361	3.6136136136136137	-2.2734359158236987	-1.9182742831992683
362	3.6236236236236237	-2.317898410146194	-1.9707859071057376
363	3.6336336336336337	-2.362128652291016	-3.026822974543761
364	3.6436436436436437	-2.4061222104116218	-2.2731289651186253
365	3.6536536536536537	-2.449874676377079	-2.327334200350368
366	3.6636636636636637	-2.493381666213762	-2.023594117679568
367	3.6736736736736737	-2.5366388205446206	-2.93844214255664
368	3.6836836836836837	-2.5796418050259886	-1.1889468803320904
369	3.6936936936936937	-2.6223863107818812	-3.23180928136598
370	3.7037037037037037	-2.664868054835745	-2.6719109129913163
371	3.7137137137137137	-2.707082780539608	-2.4270545764544216
372	3.7237237237237237	-2.749026258000593	-3.072512613033208
373	3.7337337337337337	-2.7906942845047515	-3.507813381752494
374	3.7437437437437437	-2.8320826849381726	-2.8266417200198553
375	3.7537537537537538	-2.8731873122053293	-2.7593159143411916
376	3.7637637637637638	-2.9140040476446116	-2.7063484728846143
377	3.7737737737737738	-2.9545288014410183	-2.4575438472555415
378	3.7837837837837838	-2.9947575130359505	-3.522845003915291
379	3.793793793793794	-3.0346861515340806	-3.5111017571498397
380	3.803803803803804	-3.074310716107243	-2.694459182103227
381	3.813813813813814	-3.1136272363953177	-3.2244030500257477
382	3.823823823823824	-3.1526317729040554	-3.465868416412949
383	3.833833833833834	-3.1913204173998153	-3.5372414833473247
384	3.843843843843844	-3.2296892933011674	-2.9874389711616405
385	3.853853853853854	-3.267734556067321	-3.647977883321476
386	3.863863863863864	-3.3054523935833506	-2.477947000342618
387	3.873873873873874	-3.342839026542164	-3.007867419024615
388	3.883883883883884	-3.3798907088231878	-2.902462323232673
389	3.893893893893894	-3.4166037278677273	-4.328708684552746
390	3.903903903903904	-3.4529744050509628	-3.327837064754653
391	3.913913913913914	-3.488999096050544	-3.218027573146133
392	3.923923923923924	-3.524674191211753	-3.443547792277623
393	3.933933933933934	-3.5599961159091853	-4.599403885196584
394	3.943943943943944	-3.594961330904929	-3.496675305614757
395	3.953953953953954	-3.6295663327031917	-3.166515223175775
396	3.963963963963964	-3.663807653901352	-3.0592777765691865
397	3.973973973973974	-3.697681863537387	-2.7905357276665845
398	3.983983983983984	-3.7311855674336587	-3.7509761114535114
399	3.993993993993994	-3.7643154085370023	-4.3500146424369
400	4.004004004004004	-3.7970680672551076	-3.4084072277805655
401	4.014014014014014	-3.8294402617891334	-3.49726661872345
402	4.024024024024024	-3.861428748462548	-4.206297229048615
403	4.034034034034034	-3.893030322046142	-3.650140037682512
404	4.044044044044044	-3.9242418160791885	-4.351970938299292
405	4.054054054054054	-3.9550601031867245	-4.354305007406489
406	4.064064064064064	-3.9854820953929075	-4.194661426563885
407	4.074074074074074	-4.015504744430434	-3.7067470146142627
408	4.084084084084084	-4.045125042045969	-4.012861522470534
409	4.094094094094094	-4.0743400203015785	-3.4863647360507963
410	4.104104104104104	-4.103146751872107	-3.974321042434247
411	4.114114114114114	-4.131542350338499	-4.170311993716122
412	4.124124124124124	-4.159523970477016	-4.607410215411689
413	4.134134134134134	-4.187088808544328	-3.6866008442369664
414	4.1441441441441444	-4.214234102558439	-3.987116879024246
415	4.1541541541541545	-4.24095713257545	-4.712179062114469
416	4.1641641641641645	-4.267255220962082	-4.316280236444642
417	4.1741741741741745	-4.293125732663981	-3.96917620124038
418	4.1841841841841845	-4.31856607546975	-4.78909576707503
419	4.1941941941941945	-4.343573700270681	-5.0890312974795515
420	4.2042042042042045	-4.368146101316181	-3.9400955067177277
421	4.2142142142142145	-4.392280816464842	-3.604914002734407
422	4.2242242242242245	-4.41597542743115	-4.830081897433584
423	4.2342342342342345	-4.439227560027791	-5.038813494482011
424	4.2442442442442445	-4.4620348844035504	-3.824364516298985
425	4.2542542542542545	-4.484395115276755	-4.817353281081343
426	4.2642642642642645	-4.506306012164264	-4.608203462381096
427	4.2742742742742745	-4.527765379605958	-4.981406628358268
428	4.2842842842842845	-4.548771067384728	-4.421750532325916
429	4.2942942942942945	-4.569320970741924	-4.647255772917154
430	4.3043043043043046	-4.589413030588248	-4.67635281302175
431	4.314314314314315	-4.609045233710081	-4.7852111730280456
432	4.324324324324325	-4.6282156129711955	-5.373227235218978
433	4.334334334334335	-4.646922247509872	-4.364040260783576
434	4.344344344344345	-4.665163262931361	-3.978024886591633
435	4.354354354354355	-4.6829368314957	-5.138829366031903
436	4.364364364364365	-4.700241172300849	-5.095106737990638
437	4.374374374374375	-4.71707455146114	-4.895338974053583
438	4.384384384384385	-4.733435282281008	-5.607927735266293
439	4.394394394394395	-4.749321725424	-4.885385753779922
440	4.404404404404405	-4.76473228907703	-5.031987860844678
441	4.414414414414415	-4.779665429109887	-4.674114445323768
442	4.424424424424425	-4.794119649229946	-4.490951255434025
443	4.434434434434435	-4.808093501132103	-4.939242867616817
444	4.444444444444445	-4.821585584643891	-5.270608394401378
445	4.454454454454455	-4.834594547865779	-4.558962205822005
446	4.464464464464465	-4.847119087306625	-4.772171466555964
447	4.474474474474475	-4.859157948014296	-5.102236042114104
448	4.484484484484485	-4.870709923701407	-4.691597540801258
449	4.494494494494495	-4.881773856866186	-4.282721073712925
450	4.504504504504505	-4.892348638908464	-5.3843296515048
451	4.514514514514515	-4.902433210240751	-5.264079270969467
452	4.524524524524525	-4.912026560394409	-5.160720111541469
453	4.534534534534535	-4.921127728120896	-5.174104479994233
454	4.544544544544545	-4.929735801488087	-4.145891812908246
455	4.554554554554555	-4.937849917971648	-5.527439304317837
456	4.564564564564565	-4.945469264541456	-5.3981847440258495
457	4.574574574574575	-4.952593077743074	-5.45405659314188
458	4.584584584584585	-4.959220643774236	-5.040553009717216
459	4.594594594594595	-4.965351298556382	-4.6347084018521265
460	4.604604604604605	-4.9709844278011905	-5.450704856257561
461	4.614614614614615	-4.976119467072132	-4.414824265987493
462	4.624624624624625	-4.980755901841024	-5.42227250388556
463	4.634634634634635	-4.984893267539591	-5.443272561923185
464	4.644644644644645	-4.988531149606008	-5.27158965808693
465	4.654654654654655	-4.991669183526442	-5.721789816532014
466	4.664664664664665	-4.9943070548715776	-5.746917963105501
467	4.674674674674675	-4.9964444993281205	-4.938999901226565
468	4.684684684684685	-4.998081302725284	-4.722527690978059
469	4.694694694694695	-4.999217301056243	-4.478643992093077
470	4.704704704704705	-4.999852380494574	-5.140913250881226
471	4.714714714714715	-4.999986477405661	-3.957903524545736
472	4.724724724724725	-4.999619578353062	-5.150453030926652
473	4.734734734734735	-4.998751720099867	-5.222486974458565
474	4.744744744744745	-4.997382989605007	-5.569045275509308
475	4.754754754754755	-4.9955135240145445	-4.867755729747314
476	4.764764764764765	-4.993143510647927	-5.604555653344054
477	4.774774774774775	-4.990273186979225	-5.1376049106892845
478	4.784784784784785	-4.986902840613331	-5.5437973832187675
479	4.794794794794795	-4.983032809257141	-4.6583032676251594
480	4.804804804804805	-4.978663480685724	-4.801251503510173
481	4.814814814814815	-4.973795292703459	-5.847185627350387
482	4.824824824824825	-4.96842873310017	-5.609118296209759
483	4.834834834834835	-4.9625643396022525	-5.0070067257632465
484	4.844844844844845	-4.95620269981879	-5.172672562786328
485	4.854854854854855	-4.949344451182676	-4.82350536722899
486	4.864864864864865	-4.941990280886748	-4.693777493159925
487	4.874874874874875	-4.9341409258149245	-5.349364066878893
488	4.884884884884885	-4.925797172468375	-5.595055948119486
489	4.894894894894895	-4.9169598568867094	-5.118526768060686
490	4.904904904904905	-4.9076298645642105	-4.338464929785009
491	4.914914914914915	-4.8978081303611045	-4.166315344758412
492	4.924924924924925	-4.887495638409893	-4.379712254423367
493	4.934934934934935	-4.876693422016739	-5.3138812923883565
494	4.944944944944945	-4.865402563557931	-4.587393979254789
495	4.954954954954955	-4.853624194371433	-4.750445904011647
496	4.964964964964965	-4.84135949464352	-5.51299136308954
497	4.974974974974975	-4.828609693290528	-5.0659466466446785
498	4.984984984984985	-4.8153760678357145	-5.290383147211254
499	4.994994994994995	-4.801659944281255	-5.141857485633978
500	5.005005005005005	-4.787462696975372	-4.188761763451284
501	5.015015015015015	-4.772785748474634	-4.707843923780226
502	5.025025025025025	-4.7576305694014085	-4.0064633965745555
503	5.035035035035035	-4.741998678296511	-5.254052685280869
504	5.045045045045045	-4.725891641467048	-4.956132599174391
505	5.055055055055055	-4.709311072829473	-5.130918301712352
506	5.065065065065065	-4.69225863374787	-4.448412461359824
507	5.075075075075075	-4.674736032867491	-5.144220260596732
508	5.085085085085085	-4.6567450259435486	-4.540072225658158
509	5.095095095095095	-4.638287415665286	-4.766342705449935
510	5.105105105105105	-4.619365051475357	-5.159067472514688
511	5.115115115115115	-4.599979829384504	-4.064717930125277
512	5.125125125125125	-4.580133691781587	-3.9203204060593797
513	5.135135135135135	-4.559828627238948	-4.052192076891819
514	5.145145145145145	-4.539066670313169	-4.829868157201681
515	5.155155155155155	-4.517849901341196	-4.399704045219667
516	5.165165165165165	-4.496180446231905	-4.648273817194431
517	5.175175175175175	-4.474060476253075	-4.187623643287078
518	5.185185185185185	-4.451492207813837	-5.1994599121053575
519	5.195195195195195	-4.4284779022425855	-4.143027223053917
520	5.205205205205205	-4.405019865560396	-5.097041683754842
521	5.215215215215215	-4.381120448249966	-5.6083308895452175
522	5.225225225225225	-4.356782045020092	-5.035875501189077
523	5.235235235235235	-4.332007094565726	-4.121733527406981
524	5.245245245245245	-4.306798079323617	-3.741352308398899
525	5.255255255255255	-4.281157525223574	-4.290408090586574
526	5.265265265265265	-4.255088001435368	-4.405576454658257
527	5.275275275275275	-4.228592120111301	-4.657128986325579
528	5.285285285285285	-4.201672536124473	-3.6634631190696054
529	5.295295295295295	-4.174331946802764	-4.140981555479095
530	5.305305305305305	-4.146573091658561	-3.864503489973701
531	5.315315315315315	-4.118398752114263	-4.094748046887498
532	5.325325325325325	-4.089811751223586	-4.176996202400469
533	5.335335335335335	-4.060814953388685	-3.77417632238146
534	5.345345345345345	-4.031411264073156	-3.9133843290402415
535	5.355355355355355	-4.001603629510898	-4.00667373161698
536	5.365365365365365	-3.9713950364109096	-4.349055178942315
537	5.375375375375375	-3.94078851165802	-3.3299585737202335
538	5.385385385385385	-3.909787122009596	-3.890231773361963
539	5.395395395395395	-3.8783939737882545	-3.9730208683761163
540	5.405405405405405	-3.8466122125706126	-3.873837771861442
541	5.415415415415415	-3.8144450228721007	-4.130609202192396
542	5.425425425425425	-3.7818956278278755	-3.9859457889059184
543	5.435435435435435	-3.7489672888698653	-4.183593082684534
544	5.445445445445445	-3.7156633053999766	-3.464346514914577
545	5.455455455455455	-3.6819870144594913	-4.67516997275783
546	5.465465465465465	-3.647941790394703	-4.378508903121206
547	5.475475475475475	-3.613531044518805	-3.9767760408496726
548	5.485485485485485	-3.5787582247700804	-3.3898548210067223
549	5.495495495495495	-3.543626815366421	-3.115370050891951
550	5.505505505505505	-3.508140336456209	-3.9149446966259265
551	5.515515515515515	-3.4723023437656004	-4.067851324479411
552	5.525525525525525	-3.436116428242244	-3.344633963423588
553	5.535535535535535	-3.3995862156954697	-3.255004403515112
554	5.545545545545545	-3.3627153664329845	-3.849230156963584
555	5.555555555555555	-3.325507574894112	-3.7943619436778593
556	5.565565565565565	-3.287966569279611	-2.9704402573000057
557	5.575575575575575	-3.2500961111781117	-2.798114763034764
558	5.585585585585585	-3.211899995189207	-2.9189947099859044
559	5.595595595595595	-3.1733820485432354	-2.346093499769505
560	5.605605605605605	-3.1345461307177946	-2.9886235788910334
561	5.615615615615615	-3.0953961330510245	-3.5712458930231796
562	5.625625625625625	-3.055935978351696	-2.5534759820337065
563	5.635635635635635	-3.0161696205061483	-2.14349145775376
564	5.645645645645645	-2.9761010440821134	-3.1266302861066255
565	5.655655655655655	-2.9357342639294592	-3.3860634875376108
566	5.665665665665665	-2.8950733247779112	-2.670925189967855
567	5.675675675675675	-2.854122300831766	-3.385212877233804
568	5.685685685685685	-2.8128852953616637	-4.048113420434214
569	5.6956956956956954	-2.771366440293436	-2.2604268438686437
570	5.7057057057057055	-2.7295698957940964	-3.4639690650923285
571	5.7157157157157155	-2.687499849854989	-2.498767295367011
572	5.7257257257257255	-2.6451605178721573	-1.7107668597812036
573	5.7357357357357355	-2.6025561422239587	-3.030314630871223
574	5.7457457457457455	-2.559690991845987	-2.5446917060998997
575	5.7557557557557555	-2.516569361803322	-2.68696384728031
576	5.7657657657657655	-2.473195572860169	-2.5102012949274153
577	5.7757757757757755	-2.4295739710469206	-1.827539693205844
578	5.7857857857857855	-2.385708927224685	-2.509066801375458
579	5.7957957957957955	-2.3416048366473303	-1.7962881149569503
580	5.8058058058058055	-2.2972661185210796	-2.3254750292842865
581	5.8158158158158155	-2.252697215561712	-2.0576416433633464
582	5.8258258258258255	-2.2079025935494028	-2.3209414128847397
583	5.8358358358358355	-2.1628867408812558	-3.0131429213789565
584	5.8458458458458455	-2.1176541681215673	-2.2477964820397576
585	5.8558558558558556	-2.072209407549871	-2.419370610372778
586	5.865865865865866	-2.0265570127068058	-1.8995364228867602
587	5.875875875875876	-1.9807015579378526	-1.5940592404823584
588	5.885885885885886	-1.934647637934988	-1.7053522407273973
589	5.895895895895896	-1.8883998672762994	-2.1283282832626504
590	5.905905905905906	-1.8419628799636052	-2.1084731289879355
591	5.915915915915916	-1.795341328958131	-1.820433177593489
592	5.925925925925926	-1.7485398857142862	-1.7415781866041824
593	5.935935935935936	-1.7015632397115852	-1.8503315862402911
594	5.945945945945946	-1.6544160979847653	-1.9261591179551645
595	5.955955955955956	-1.6071031846521437	-1.9519703453684516
596	5.965965965965966	-1.5596292404422643	-1.8784230487587186
597	5.975975975975976	-1.5119990222188775	-1.8375235602311564
598	5.985985985985986	-1.4642173025043068	-0.8901615614753702
599	5.995995995995996	-1.4162888690012434	-1.2229222937256579
600	6.006006006006006	-1.3682185241130218	-1.867623429435378
601	6.016016016016016	-1.320011084462421	-1.9233281648609264
602	6.026026026026026	-1.2716713804090416	-1.6491124853612507
603	6.036036036036036	-1.2232042555653067	-1.2492595058305325
604	6.046046046046046	-1.1746145663111338	-0.5288320489340228
605	6.056056056056056	-1.1259071813073294	-0.7299409618341905
606	6.066066066066066	-1.07708698100775	-1.7467334899188085
607	6.076076076076076	-1.0281588571702849	-0.9423870178237712
608	6.086086086086086	-0.979127712366704	-1.3176879749728831
609	6.096096096096096	-0.9299984594914223	-0.5290818224036858
610	6.106106106106106	-0.8807760212692316	-0.818622057755965
611	6.116116116116116	-0.8314653297620449	-0.6455952733029067
612	6.126126126126126	-0.7820713258747074	-0.6198053240469802
613	6.136136136136136	-0.73259895885992	-1.0505683624450333
614	6.146146146146146	-0.6830531858223268	-0.4088190130316977
615	6.156156156156156	-0.6334389712218165	-0.4612015769379708
616	6.166166166166166	-0.583761286376085	0.26509666082015715
617	6.176176176176176	-0.5340251089625135	-0.9259590471955255
618	6.186186186186186	-0.48423542251940643	-0.8448233532661807
619	6.196196196196196	-0.43439721594664465	-0.47290836150877347
620	6.206206206206206	-0.3845154830058	-0.814408166359128
621	6.216216216216216	-0.3345952218197629	0.13988571529296312
622	6.226226226226226	-0.28464143437193345	-0.1815585901081732
623	6.236236236236236	-0.23465912600502511	-0.6697076392897392
624	6.246246246246246	-0.18465330491953205	-0.01605170236391651
625	6.256256256256256	-0.13462898167191045	0.33977770658749545
626	6.266266266266266	-0.08459116867252303	-0.27120546825150577
627	6.276276276276276	-0.034544879683398484	0.2663670282358353
628	6.286286286286286	0.015504870684144908	1.0082731198950476
629	6.296296296296296	0.06555306747196057	-0.4254281049565888
630	6.306306306306306	0.11559469587756979	-0.667432127900133
631	6.316316316316316	0.16562474175664227	-0.34790272901087244
632	6.326326326326326	0.21563819212541058	0.06966953894148778
633	6.336336336336336	0.2656300356629686	-0.3900826029445946
634	6.346346346346346	0.31559526321340303	1.234433765604535
635	6.356356356356356	0.36552886828770836	-0.18956927297608506
636	6.366366366366366	0.415425847565434	0.9297053467399581
637	6.376376376376376	0.46528120139601475	0.2983477609495745
638	6.386386386386386	0.5150899342997327	0.8146949395709442
639	6.396396396396396	0.5648470554682621	0.055407852768640464
640	6.406406406406406	0.614547579264745	0.7314696992425632
641	6.416416416416417	0.6641865257233546	0.07608352445386934
642	6.426426426426427	0.7137589210482665	0.03122033632738419
643	6.436436436436437	0.7632597981120582	1.3066603413484013
644	6.446446446446447	0.8126841969533938	1.7376736707826916
645	6.456456456456457	0.8620271652740141	0.8158942181575218
646	6.466466466466467	0.911283758934955	0.4728097642149384
647	6.476476476476477	0.9604490424519461	0.32012700082313716
648	6.486486486486487	1.0095180894899451	1.2397983009098452
649	6.496496496496497	1.0584859833567535	0.8405593078296447
650	6.506506506506507	1.1073478174956655	1.0068636865853704
651	6.516516516516517	1.1560986959771036	0.48286810883218256
652	6.526526526526527	1.204733733989188	1.265127952761347
653	6.536536536536537	1.2532480583271912	1.0216938585306163
654	6.546546546546547	1.3016368078818317	1.391772108655806
655	6.556556556556557	1.3498951341263532	2.0485288547131177
656	6.566566566566567	1.3980182016023464	1.1277327681380793
657	6.576576576576577	1.4460011884042558	1.7000332159356402
658	6.586586586586587	1.4938392866625372	1.1173177614591587
659	6.596596596596597	1.5415277030253987	1.6653033359567617
660	6.606606606606607	1.5890616591390947	1.589937469010743
661	6.616616616616617	1.636436392126714	2.0928509705357676
662	6.626626626626627	1.6836471550654164	1.7576448342140554
663	6.636636636636637	1.7306892174620738	1.5962463222545187
664	6.646646646646647	1.7775578657272613	2.134373428630372
665	6.656656656656657	1.8242484036475568	1.6606491077404868
666	6.666666666666667	1.8707561528560999	0.8815329904915905
667	6.676676676676677	1.9170764533013602	1.6470013304295172
668	6.686686686686687	1.9632046637140734	2.1721626653039605
669	6.696696696696697	2.009136162072294	2.1561465274765297
670	6.706706706706707	2.0548663460645176	1.0895793899694772
671	6.716716716716717	2.100390633550832	2.211992613387652
672	6.726726726726727	2.1457044630220454	1.3073823647905554
673	6.736736736736737	2.190803294056744	1.4942508043728457
674	6.746746746746747	2.235682607776244	2.466110459457606
675	6.756756756756757	2.280337907297379	3.2422055054392374
676	6.766766766766767	2.324764718183083	2.150234044164227
677	6.776776776776777	2.36895858889073	2.0274013959743376
678	6.786786786786787	2.4129150912181765	1.920402488387281
679	6.796796796796797	2.4566298207474606	2.847054751768536
680	6.806806806806807	2.5000983972861275	3.064142889085438
681	6.816816816816817	2.543316465306118	2.8063777385042386
682	6.826826826826827	2.5862796943801936	2.791875468170819
683	6.836836836836837	2.6289837796158406	3.086604420183702
684	6.846846846846847	2.67142444208662	2.6299461523367946
685	6.856856856856857	2.7135974292609117	4.355426298615574
686	6.866866866866867	2.755498515428017	2.4397677591212203
687	6.876876876876877	2.7971235021215723	3.0552141968757422
688	6.886886886886887	2.8384682185402337	2.5246508541644044
689	6.896896896896897	2.8795285219655877	2.751838635444975
690	6.906906906906907	2.9203002981772497	2.89738400484027
691	6.916916916916917	2.960779461865109	3.3208245770816176
692	6.926926926926927	3.000961957038672	2.2220572572266346
693	6.936936936936937	3.040843757433471	2.737161034954425
694	6.946946946946947	3.080420866914493	3.6797526046719735
695	6.956956956956957	3.119689319876593	2.635617984463726
696	6.966966966966967	3.158645181641843	2.9963265323952086
697	6.976976976976977	3.1972845488537835	3.3189625221194863
698	6.986986986986987	3.235603549868543	3.1059453053459083
699	6.996996996996997	3.2735983451427684	3.411835896999189
700	7.007007007007007	3.3112651276183485	2.2784187868305867
701	7.017017017017017	3.3486001231038793	3.4365847287349083
702	7.027027027027027	3.3855995906528342	3.8578383133265226
703	7.037037037037037	3.422259822938407	3.1755592621246005
704	7.047047047047047	3.4585771466249833	3.033148190654611
705	7.057057057057057	3.494547922736204	3.365176838290304
706	7.067067067067067	3.5301685470195943	3.2047594530678545
707	7.077077077077077	3.565435450307702	4.1039477511748474
708	7.087087087087087	3.6003450988757324	4.077552738202791
709	7.097097097097097	3.6348939947956183	3.3552197594639375
710	7.107107107107107	3.6690786762865155	3.9709491330455244
711	7.117117117117117	3.7028957180616735	4.139793491559836
712	7.127127127127127	3.736341731671639	3.676689352220201
713	7.137137137137137	3.7694133658437856	3.6866758732383778
714	7.147147147147147	3.8021073068181046	4.683441846822227
715	7.157157157157157	3.8344202786792425	3.9337380561979045
716	7.167167167167167	3.8663490436847487	3.0794838700487914
717	7.177177177177177	3.8978904025894905	3.6259576267122795
718	7.187187187187187	3.9290411949662216	3.6786375481457156
719	7.197197197197197	3.9597982995222516	4.18933194670678
720	7.207207207207207	3.9901586344121966	3.755543173453253
721	7.217217217217217	4.020119157546782	3.580063538154866
722	7.227227227227227	4.049676866897658	3.5970244465136894
723	7.237237237237237	4.078828800798199	4.505977314630079
724	7.247247247247247	4.107572038240259	3.91694786862584
725	7.257257257257257	4.135903699166863	3.69742754991998
726	7.267267267267267	4.163820944760779	3.901325214254265
727	7.277277277277277	4.191320977728968	4.606842464181202
728	7.287287287287287	4.218401042582877	4.413021837940948
729	7.297297297297297	4.245058425914528	4.579763598668169
730	7.307307307307307	4.271290456668407	3.225291480660048
731	7.317317317317317	4.2970945064091	4.3652640045773055
732	7.327327327327327	4.322467989584661	3.7515329488174003
733	7.337337337337337	4.347408363785683	5.8500510022193275
734	7.347347347347347	4.3719131300000456	4.422539407297834
735	7.357357357357357	4.395979832863316	4.080464242055009
736	7.367367367367367	4.419606060904774	4.081613170169007
737	7.377377377377377	4.442789446789037	4.06271238754517
738	7.387387387387387	4.465527667553276	5.100734344028113
739	7.397397397397397	4.487818444839961	4.658502737330184
740	7.407407407407407	4.509659545125164	4.631020992903803
741	7.4174174174174174	4.531048779942348	5.851057706698189
742	7.4274274274274275	4.551984006101655	5.206092080886078
743	7.4374374374374375	4.572463125904651	4.653129892457007
744	7.4474474474474475	4.5924840873545145	5.526185572770799
745	7.4574574574574575	4.612044884361644	5.645238221539962
746	7.4674674674674675	4.63114355694467	3.25608933534846
747	7.4774774774774775	4.649778191426841	4.857953377538094
748	7.4874874874874875	4.6679469206277755	4.177401450063656
749	7.4974974974974975	4.685647924050552	5.382324068943982
750	7.5075075075075075	4.702879428064119	4.5364448393228525
751	7.5175175175175175	4.719639706081014	4.196267308278523
752	7.5275275275275275	4.73592707873037	5.418917695250813
753	7.5375375375375375	4.751739914026181	4.277940450831752
754	7.5475475475475475	4.767076627530829	5.427278470601587
755	7.5575575575575575	4.781935682513848	5.316938801022782
756	7.5675675675675675	4.7963155901058965	5.290226381315302
757	7.5775775775775776	4.810214909447944	4.493276887582125
758	7.587587587587588	4.823632247835647	4.810409106630359
759	7.597597597597598	4.836566260858895	4.843520868776498
760	7.607607607607608	4.849015652536518	4.570308545006034
761	7.617617617617618	4.860979175446147	4.621896533412743
762	7.627627627627628	4.872455630849202	4.5803322446263826
763	7.637637637637638	4.883443868811006	4.637801605179719
764	7.647647647647648	4.893942788316008	4.540254104876698
765	7.657657657657658	4.903951337378104	4.043328779052518
766	7.667667667667668	4.913468513146046	5.669236695333363
767	7.677677677677678	4.922493362003923	5.54470355171628
768	7.687687687687688	4.931024979666723	5.740336642817402
769	7.697697697697698	4.9390625112709285	5.140783770305763
770	7.707707707707708	4.946605151460185	4.68818024644519
771	7.717717717717718	4.953652144465989	5.251206220803777
772	7.727727727727728	4.960202784183422	4.260024120205007
773	7.737737737737738	4.9662564142418955	5.728378769258329
774	7.747747747747748	4.971812428070924	4.0044931273861035
775	7.757757757757758	4.976870268960904	4.893039475945043
776	7.767767767767768	4.981429430118888	4.81755215985464
777	7.777777777777778	4.985489454719374	4.732769123067548
778	7.787787787787788	4.989049935950074	5.182666472083419
779	7.797797797797798	4.992110517052678	4.72677096267655
780	7.807807807807808	4.994670891358602	4.491192312913922
781	7.817817817817818	4.9967308023197115	5.196036986488727
782	7.827827827827828	4.998290043534035	5.449845122338188
783	7.837837837837838	4.999348458766438	5.478649110894073
784	7.847847847847848	4.999905941964281	5.823560463960429
785	7.857857857857858	4.999962437268047	4.928875705510142
786	7.867867867867868	4.999517939016938	4.459745516744135
787	7.877877877877878	4.998572491749439	5.677373758448059
788	7.887887887887888	4.99712619019886	5.45405892889711
789	7.897897897897898	4.995179179283841	4.422692804564415
790	7.907907907907908	4.992731654093831	5.306894280812864
791	7.917917917917918	4.989783859869541	5.191574976148581
792	7.927927927927928	4.986336091978373	4.60599236318876
793	7.937937937937938	4.982388695884819	4.8358346385860305
794	7.947947947947948	4.977942067115852	5.265860770535412
795	7.957957957957958	4.9729966512212895	5.047434395640259
796	7.967967967967968	4.967552943729151	5.659278717080633
797	7.977977977977978	4.96161149009601	5.515406278236815
798	7.987987987987988	4.955172885652334	4.550411217869122
799	7.997997997997998	4.948237775542833	5.12063586112995
800	8.008008008008009	4.940806854661824	5.311077326353838
801	8.018018018018019	4.9328808675835925	4.562045580336785
802	8.028028028028029	4.924460608487793	4.984049247246343
803	8.038038038038039	4.915546921079873	5.014446092426614
804	8.048048048048049	4.906140698506529	4.941144922004669
805	8.058058058058059	4.896242883266219	3.730031791694298
806	8.068068068068069	4.885854467114723	4.276610437414291
807	8.078078078078079	4.874976490965767	5.258998042129647
808	8.088088088088089	4.8636100447867285	4.152315047240416
809	8.098098098098099	4.851756267489419	5.496469184653034
810	8.108108108108109	4.839416346815967	5.4710457220387845
811	8.118118118118119	4.826591519219806	4.4094208117754725
812	8.128128128128129	4.813283069741784	5.498500419952183
813	8.138138138138139	4.799492331881401	5.3041242316754715
814	8.148148148148149	4.7852206874631955	5.084218021082947
815	8.158158158158159	4.770469566498285	3.857711591020085
816	8.168168168168169	4.755240447041079	5.146290038400739
817	8.178178178178179	4.73953485504118	5.2402465476309175
818	8.188188188188189	4.723354364190485	5.786629968965576
819	8.198198198198199	4.7067005957655	5.334460680821531
820	8.208208208208209	4.689575218464889	4.197960501589
821	8.218218218218219	4.671979948242274	4.842195177337139
822	8.228228228228229	4.653916548134298	4.634068682975624
823	8.238238238238239	4.635386828083961	4.824782749695045
824	8.248248248248249	4.6163926447592765	4.659937476341393
825	8.258258258258259	4.596935901367229	4.068251315054167
826	8.268268268268269	4.577018547463071	3.8300478546586842
827	8.278278278278279	4.556642578754983	4.31296535143071
828	8.288288288288289	4.535810036904101	4.674692312041718
829	8.298298298298299	4.514523009319949	4.236993716035706
830	8.308308308308309	4.492783628951274	4.00937555227394
831	8.318318318318319	4.470594074072331	5.249188759697294
832	8.328328328328329	4.447956568064619	4.044329233535313
833	8.338338338338339	4.4248733791941	4.487989023140378
834	8.348348348348349	4.401346820383921	4.197738077710706
835	8.358358358358359	4.377379248982656	4.625243375857419
836	8.368368368368369	4.352973066528109	4.3496471195136115
837	8.378378378378379	4.328130718506672	5.4846796242403535
838	8.388388388388389	4.302854694108294	4.589164060269974
839	8.398398398398399	4.277147525977067	3.537085017153307
840	8.408408408408409	4.251011789957449	4.092767902153411
841	8.418418418418419	4.2244501048361744	4.245933383354142
842	8.428428428428429	4.1974651320798495	3.7571855101288465
843	8.438438438438439	4.1700595755682714	4.588573078774041
844	8.448448448448449	4.142236181323507	3.7109499837972155
845	8.458458458458459	4.113997737234738	4.203938063124402
846	8.468468468468469	4.0853470727789185	4.3908730551689965
847	8.478478478478479	4.056287058737262	4.015681607468024
848	8.488488488488489	4.026820606907593	4.181980423120334
849	8.498498498498499	3.996950669812582	4.122268033378385
850	8.508508508508509	3.9666802404039063	3.893789875420684
851	8.518518518518519	3.9360123517623617	3.6510451682289604
852	8.528528528528529	3.9049500767939422	3.7703454796407643
853	8.538538538538539	3.873496527921942	3.9016072755409814
854	8.548548548548549	3.841654856775091	3.409306219504792
855	8.558558558558559	3.8094282538717614	3.905435654909949
856	8.568568568568569	3.7768199483002833	3.7935150329955456
857	8.578578578578579	3.7438332073953875	2.9328900909502744
858	8.588588588588589	3.7104713364108215	3.6628674803262258
859	8.598598598598599	3.676737678188169	4.617233933561483
860	8.608608608608609	3.6426356128218917	3.5446972783598873
861	8.618618618618619	3.6081685573206523	3.5156287573133307
862	8.62862862862863	3.5733399652649283	4.10199917391265
863	8.63863863863864	3.538153326460966	2.9148120756348046
864	8.64864864864865	3.5026121665911036	2.8200231695072637
865	8.65865865865866	3.466720046860501	2.951204842679021
866	8.66866866866867	3.430480563640306	3.9850227723951734
867	8.67867867867868	3.3938973481073056	2.9246183141063256
868	8.68868868868869	3.3569740658800744	3.8642113701355356
869	8.6986986986987	3.3197144166516934	2.8343636777005257
870	8.70870870870871	3.282122133819032	3.0690979805770207
871	8.71871871871872	3.244200984108672	2.9628341577911974
872	8.72872872872873	3.205954767199477	2.9979543378574522
873	8.73873873873874	3.167387315341872	2.948737813563319
874	8.74874874874875	3.12850249297385	3.667778913854609
875	8.75875875875876	3.0893041963337584	3.693894616713864
876	8.76876876876877	3.049796353069902	3.1311004927484953
877	8.77877877877878	3.0099829218469862	2.971826963765093
878	8.78878878878879	2.969867891949471	2.388485903566633
879	8.7987987987988	2.9294552828818388	4.148991881515758
880	8.80880880880881	2.8887491439658453	3.3147622340772545
881	8.81881881881882	2.8477535539347807	3.2000235394852528
882	8.82882882882883	2.806472620524782	3.4913942665216866
883	8.83883883883884	2.7649104800632385	2.1329580347621917
884	8.84884884884885	2.723071297054336	3.12625963452182
885	8.85885885885886	2.6809592637617747	2.0743467490414425
886	8.86886886886887	2.6385785997887075	3.0775354391379395
887	8.87887887887888	2.595933551654936	2.9624623905826715
888	8.88888888888889	2.5530283923714148	2.6291639022964675
889	8.8988988988989	2.509867421012095	2.4066342532449525
890	8.90890890890891	2.4664549622831604	2.5149614835137024
891	8.91891891891892	2.4227953660896953	2.679190903244397
892	8.92892892892893	2.3788930070998244	3.4788328851787664
893	8.93893893893894	2.334752284306375	1.5634015161064327
894	8.94894894894895	2.2903776205861	2.3791785644221233
895	8.95895895895896	2.2457734622565075	2.897882713860466
896	8.96896896896897	2.200944278630341	2.1830560805235337
897	8.97897897897898	2.15589456156776	2.0249762298080496
898	8.98898898898899	2.1106288250262555	2.0232473330818586
899	8.998998998999	2.065151604608354	2.7283312932729706
900	9.00900900900901	2.0194674571071527	2.187382225733203
901	9.01901901901902	1.9735809600497325	2.5794046886201847
902	9.02902902902903	1.9274967112384913	2.1115874813724944
903	9.03903903903904	1.8812193282904461	1.077085059200873
904	9.04904904904905	1.8347534481745507	2.457141139390851
905	9.05905905905906	1.7881037267470745	1.3401898076671142
906	9.06906906906907	1.7412748382850878	2.1116749114142075
907	9.07907907907908	1.6942714750181014	1.335585426712102
908	9.08908908908909	1.6470983466579083	1.315908368134732
909	9.0990990990991	1.5997601799266723	1.3904264331159681
910	9.10910910910911	1.5522617180833134	1.1121550750539866
911	9.11911911911912	1.5046077204482369	0.18276538843714607
912	9.12912912912913	1.4568029619264502	1.1559540683892375
913	9.13913913913914	1.4088522325291206	2.03053741213836
914	9.14914914914915	1.3607603368936187	1.4343745347427683
915	9.15915915915916	1.3125320938020981	1.8640090410325891
916	9.16916916916917	1.264172335698652	1.1567675078281592
917	9.17917917917918	1.2156859082051088	1.0145215755856885
918	9.18918918918919	1.1670776696355014	1.365184894437623
919	9.1991991991992	1.1183524905092672	-0.05183139697444372
920	9.20920920920921	1.069515253063225	1.4098983995171774
921	9.21921921921922	1.0205708507623765	1.1354821294039448
922	9.22922922922923	0.971524187809585	0.48594869395817475
923	9.23923923923924	0.9223801786541759	0.3085403617075194
924	9.24924924924925	0.8731437474995121	1.050585732892959
925	9.25925925925926	0.8238198278095911	0.22196866671209414
926	9.26926926926927	0.7744133618147149	0.9411637705320433
927	9.27927927927928	0.7249293000162806	1.2905397243975512
928	9.28928928928929	0.675372600690744	0.43961060974689603
929	9.2992992992993	0.6257482293928014	1.195185289810514
930	9.30930930930931	0.5760611584578447	0.6288317361254081
931	9.31931931931932	0.5263163665037358	-0.39077080062257297
932	9.32932932932933	0.4765188379319519	0.11081001736586005
933	9.33933933933934	0.4266735624281507	0.4541942256817929
934	9.34934934934935	0.3767855344622072	0.5623858104584463
935	9.35935935935936	0.32685975278777	0.5961936616365782
936	9.36936936936937	0.27690121994138905	0.14272109130325292
937	9.37937937937938	0.22691494174126436	0.45426609077024727
938	9.38938938938939	0.17690592678566525	0.7256580783465574
939	9.3993993993994	0.12687918595107184	0.5166261802059038
940	9.40940940940941	0.07683973189008783	0.006040885692442238
941	9.41941941941942	0.026792578529175437	0.43094331465356017
942	9.42942942942943	-0.02325725943373748	-0.3352619962141912
943	9.43943943943944	-0.07330476703172735	0.2954239282622558
944	9.44944944944945	-0.12334492953137191	-0.13787157138171016
945	9.45945945945946	-0.17337273293522384	0.8239715004760249
946	9.46946946946947	-0.22338316448421053	0.22173076938413078
947	9.47947947947948	-0.27337121315991	0.16733900560603865
948	9.48948948948949	-0.3233318701866521	0.7941744283600587
949	9.4994994994995	-0.37326012953339516	-0.5580231619125664
950	9.50950950950951	-0.4231509884153279	-0.7880435572441538
951	9.51951951951952	-0.47299944779514536	-0.2987661344160877
952	9.52952952952953	-0.5228005128839499	0.4207826001218602
953	9.53953953953954	-0.5725491936417266	-0.3732530771662775
954	9.54954954954955	-0.6222405052773425	-0.890161372029622
955	9.55955955955956	-0.6718694687480193	-1.074276167901645
956	9.56956956956957	-0.7214311112582326	-0.6098260003671173
957	9.57957957957958	-0.7709204667579805	-0.7438225961170308
958	9.58958958958959	-0.8203325764403823	-1.2237080741695168
959	9.5995995995996	-0.8696624892385458	-0.7208569458694162
960	9.60960960960961	-0.9189052623216631	0.37356403941883065
961	9.61961961961962	-0.9680559615902786	-1.9991923856212328
962	9.62962962962963	-1.0171096621706839	-0.5700826159562673
963	9.63963963963964	-1.0660614489083868	-0.7019833477769005
964	9.64964964964965	-1.1149064168606078	-0.8651140773825228
965	9.65965965965966	-1.163639671787752	-1.1661859655657139
966	9.66966966966967	-1.21225633064381	-1.7833603546064325
967	9.67967967967968	-1.2607515220656365	-1.2914161715078636
968	9.68968968968969	-1.3091203868610575	-0.9461877100164787
969	9.6996996996997	-1.3573580784957588	-1.7252231217422849
970	9.70970970970971	-1.4054597635789081	-1.5166094029791177
971	9.71971971971972	-1.4534206223474548	-1.485605997312664
972	9.72972972972973	-1.5012358491490707	-2.2410817051431478
973	9.73973973973974	-1.5489006529236724	-1.528727688267072
974	9.74974974974975	-1.5964102576834827	-1.0886996916220146
975	9.75975975975976	-1.6437599029915828	-2.5423513996616953
976	9.76976976976977	-1.690944844438905	-1.667134672737137
977	9.77977977977978	-1.7379603541196205	-1.2966356936644794
978	9.78978978978979	-1.7848017211048717	-1.5444375363515384
979	9.7997997997998	-1.8314642519148072	-1.463306455328369
980	9.80980980980981	-1.8779432709888635	-2.1873870842898677
981	9.81981981981982	-1.9242341211542544	-3.0479719567145462
982	9.82982982982983	-1.9703321640926181	-2.3060243045974484
983	9.83983983983984	-2.0162327808047733	-2.3642048699076663
984	9.84984984984985	-2.06193137207354	-2.43355555197454
985	9.85985985985986	-2.107423358924581	-2.333954054545995
986	9.86986986986987	-2.1527041830852087	-2.2681229101263614
987	9.87987987987988	-2.197769307441126	-2.0303893373935638
988	9.88988988988989	-2.2426142164910394	-2.386000825238683
989	9.8998998998999	-2.2872344167991105	-2.6811042228723516
990	9.90990990990991	-2.3316254374451977	-2.5651782991840824
991	9.91991991991992	-2.3757828304728377	-2.6203166596619294
992	9.92992992992993	-2.4197021713349294	-2.4727108477217072
993	9.93993993993994	-2.4633790593370715	-2.908307763649227
994	9.94994994994995	-2.506809118078508	-2.857828141495965
995	9.95995995995996	-2.549987995890644	-0.9940202701750358
996	9.96996996996997	-2.5929113662730785	-2.5066533086500233
997	9.97997997997998	-2.6355749283271175	-2.724788202560456
998	9.98998998998999	-2.6779744071867224	-3.602546345104642
999	10.0	-2.7201055544468487	-2.390882521171677
