Ant_dist,Post_dist,Lat_dist,Med_dist
0.5126334269065491,5.1166595402744255,13.08561739960974,5.511145325041932
1.8603220936775942,0.8748612306417587,11.768140699996618,-0.4538929291570712
3.0533737186652106,0.7338861311556839,6.025305935133848,0.3901115032424474
0.47667546062360416,0.7065830039622596,20.743695749227626,0.30590413689896506
1.3219447607899804,1.3544164138904675,17.489358705221303,0.3330470522463674
6.99954377783809,-0.1676089241586677,21.413851671924675,-0.20798158541109546
7.191805994287729,2.0139066655027587,24.630888241162037,0.9365196546636548
4.366586925752538,1.7343101406755808,21.102092793935906,0.47772153954227603
8.005054177179609,2.7960132428681206,27.297477677248015,0.5830555061095275
6.425641943683112,2.671261064205775,27.97270915738662,-0.013653021202132848
16.199623644402536,2.801133204175679,27.91357562562752,0.36545867191354586
15.623910867903435,2.836733929791627,27.565885494508308,0.9623660279520155
15.730233363314731,2.696606533622069,27.729273205750108,3.4190920169153625
16.966387274927417,2.5456116564434574,27.56542942825779,0.8616531020053403
15.983203893722825,2.803557229380933,29.584424883199347,4.092099032647442
26.30265549432713,2.8295231244392687,30.783332448651258,1.91863478576195
25.73094656306975,4.019676150520863,33.37798387352218,4.1070649623121875
23.625482717067516,4.464533700045402,34.6833336238301,8.111016023175173
26.411141474756302,4.019884420255757,33.20206525395247,7.14938333148483
21.56532557719451,3.882957011375934,36.740047194979375,5.8773147220758934
31.76371431219855,3.84017977459861,36.93051347790436,5.590581255822551
35.651049740452024,4.401068872096396,36.235010743589946,7.914877691016641
37.1673946027472,3.987992456174678,36.61737915144687,7.061040073052232
37.54187880615158,4.886469674297551,36.52352259965813,9.916556811646071
38.04797110791943,4.42982796150117,36.52575120667139,10.342354893688324
38.08417617329297,4.37716417149271,36.063522012018495,9.95609935263166
39.430598822566544,5.37093120477552,37.14268503075599,9.914025627852025
37.37651744818587,5.770968148304277,35.5464809313281,9.264114429958516
38.1209721540223,5.156528851845236,32.54540030000911,11.966692482427614
37.97450233279383,6.107065108632887,34.202518907492745,11.795146261960651
37.38108876091756,5.466007521652099,34.403713723647854,11.163401625502463
37.32455384318442,5.256323319441023,33.659725917077594,11.9385919176798
36.3630459192616,5.513925639976893,30.4713078571926,11.730592073298473
35.46909014667679,4.675956482605254,31.585558109220976,11.434419120758657
34.46429891903249,5.700537387481789,31.0075677588763,11.286497127938363
34.50149859208188,5.699475463965901,31.359584040668576,10.696693976746879
34.77217626799524,5.374470796431494,29.458132142194053,11.353364480240627
34.64070625351503,8.233346824541309,29.38042667619466,13.44196232633576
34.05022482231692,7.243236345440356,29.449921540401828,12.959590224725362
34.19286447794283,7.436759154201027,29.409592072058807,13.287588153362766
33.770966081379726,6.538002010984459,29.591298329212183,12.9937141756306
34.47591175977861,8.608265099627939,29.607265396638862,13.476540707067882
32.82974100961428,8.800938485627789,29.47962606226567,13.313794548828035
33.09928642235416,9.091398670349617,29.352428562700965,16.594945691422264
33.05972422383692,9.577669113170394,29.55700213686695,15.11976928753094
32.28434939614629,10.882022820020033,29.46743541696327,15.480955709074347
33.22639704965336,10.318883436408786,29.51011974921948,14.329144272514016
33.76594046221171,10.640175067814127,29.421952598077453,15.044643715709599
33.26946933332112,10.271558331746183,29.436152244583838,15.36122753674216
31.594442273778586,10.526937305239043,27.990096397998197,15.70528994992804
33.63491301591395,10.313835501412445,27.67108063311587,14.860474426918172
33.53363316743112,10.452929106505021,28.285859651500186,14.78923738372545
32.35151476792847,10.50293662561046,28.91642916899117,15.414188109757927
30.90310349290929,9.595557025270526,27.68910837674106,12.613204497938137
28.926478492629744,8.065429773602027,21.362818803133926,12.433398074752258
28.893477304207092,8.964360837047014,19.215713915620334,12.076514564525205
18.823596647472513,7.59744486506816,26.772291411141065,10.512235262860747
18.946983710147638,6.610423175187427,22.068523318244424,5.850886922526139
5.536933997470516,4.266798564922426,12.167567480472384,4.7626238517859205
11.42919692209701,2.5136398568330898,12.161070744700027,1.0987451171796918
7.497728747895909,0.3696892542444406,14.875433964687232,1.645831938443299
6.717936448315088,0.7234013397401079,10.470341312179363,-0.18244924856491063
4.674998011277596,0.5122523262632728,9.468491924743537,0.2747469367044102
1.7558536765390016,1.0860951158107024,10.0901782979522,-0.10315993855785255
2.1235954872846423,5.544799816491341,8.987812690750612,2.795630889097265
0.5334301798960792,0.736154219137864,15.089459572379942,0.13513337473137704
2.6392503732098462,2.172267208286667,15.0635739107169,0.2513715460604106
1.3727710370640545,2.1495770773886114,23.1940667507261,0.508351813126427
1.701438173707538,0.17260316102419201,15.817688859543056,-0.3260951181990078
9.08759727324887,1.2026579909020216,23.354131972197063,0.535303862149474
8.55923581772255,1.014858509470245,23.674471520169597,0.3451736802294577
8.837612296688487,0.8982001121940916,21.334237005944328,0.03271069851530387
12.381201843345393,2.6868109836981726,27.872380395224525,0.43609436634993076
9.335767455835683,2.809733811307097,28.9263065882593,-0.21933876346269374
12.759582362933005,2.333689349661165,27.696089037061743,-0.22477267616469793
18.900535388102988,2.6727184443770193,28.125175297332756,-0.5775112187766082
16.16887443137017,2.611137128562295,28.065521329738353,2.8393329653514088
18.784017623131327,2.8754359550289514,27.482587826423497,3.147766258070143
13.213215084175783,2.789977267189615,29.47160530304647,3.1783898909577712
26.328884668632238,2.8185319337366583,30.372763151905946,2.1795512578093303
28.874267274043067,4.037454553019557,32.221674223945406,5.305618843334606
28.204250289356956,5.017159722652463,33.50362786277859,7.861460337738436
22.916622685437417,4.7076057162856255,33.320445755095726,5.608170517196727
21.362901138266512,4.600251008018683,36.520443036997776,7.558359175776458
31.673883869056674,4.13170428552638,36.51660034893929,8.288099009318872
35.29178430948688,3.99085549604033,35.84485812782817,7.919224230534447
36.804715396911945,4.252744687376591,37.348214294269226,7.533091942791215
37.3559861211183,4.142947939600643,35.39021192571746,9.830798751669999
37.87166453683576,4.136139924113019,36.16771538045494,10.771035738831442
38.180169493185076,3.8315611739964415,35.71698256666354,10.078230523367663
36.543115372395086,5.646531137155426,35.35332720730801,10.745690371102986
37.12763228152116,5.180392095728556,36.5655858840509,10.73023527912299
36.95275224734227,5.12003070786718,33.64899373297725,11.854404652045346
37.51368373920197,6.213488190234536,34.0867643233993,11.636361320333332
37.97229921420916,5.824619773073637,32.75361137778478,11.429996199802853
36.5459454157711,5.412524357873661,33.94140651454826,10.86199321005657
37.9700116814696,5.7220448908276325,30.593756958280938,11.805182437241072
34.730191069683826,5.120253350053223,31.614612589756387,11.783800518961964
34.420542041190316,5.045131502843404,30.509280439125703,11.814655900806072
35.49666504098529,5.388184676645303,30.098880834522582,11.384819306690833
34.575622531660755,5.267767768770163,29.415276446888754,11.478124903047497
35.38582272947883,6.808313118568006,29.57523088414377,13.486310650452001
35.35765545439031,6.073353258732757,29.425176923606738,13.498117591957266
33.64289912167987,5.869296354247086,29.547077037116456,13.169813260426254
34.77911579583793,7.629695800883368,29.430745656342218,12.329049094718902
34.780162391362516,9.03035776419928,29.378700736442255,13.157080353510844
33.071576980898456,9.154159895044446,29.523928381070682,13.782956566667004
32.66392444211954,8.616604301199533,29.373058585656214,14.875715993678371
32.12451049587528,7.8906914519297295,29.39511091064745,15.775473963585556
32.54948739530732,10.637163692752782,29.499549999614047,15.391749986880086
33.36091585546165,10.553766609124859,29.580983605696087,15.880406985458473
33.131610514780256,10.43366152003447,29.42717756424127,14.990749215322996
33.14912945627212,10.59737748501241,27.366215034391534,15.569274754275183
32.06778192141836,10.670893127369695,27.291935529924114,15.441659437990685
32.272563770766624,10.519106133237242,23.972989722160623,14.704736466734143
25.595770411807763,10.79433332346198,28.163855588536226,15.321397112715442
23.76331120940546,10.527132416867763,29.184797634451872,14.763577285806234
26.678286510814562,9.045998872411992,26.688920175957342,13.893313391678781
23.625623268282055,8.789942829619713,24.009790750054588,12.80707290530593
23.88668877956266,9.426730132441644,24.3697603852267,10.898392921048467
13.845033260318383,6.812207621663875,22.86910293107509,9.879930171927109
20.997614256242322,7.504418116758088,21.091681610504462,7.233215283561806
11.200539032380659,3.9823950010837685,10.302624526032504,6.827467652391831
9.942529739307906,2.4769489775133713,10.121244091250162,3.067208040279565
4.848671271094013,1.441301447348742,10.641806921905696,2.89180783628319
5.817025235135618,1.1832487031069696,9.878730147462027,0.23727740299980138
5.784524605712895,0.7460082501753013,9.126381968336986,0.8240953659122654
1.9465804792949721,1.1396124114787298,9.354477532228364,0.6970372721428579
1.0908768425420092,5.3161663529905026,11.00446691967893,1.5765293389735155
-0.41088097217084635,1.6680309495217442,11.495241784830998,0.08354508046973501
2.847374930047938,1.4566255093646971,9.356109529447098,-0.164263764311087
0.2576224254594629,1.040932386307478,18.031190232573778,0.2212874773079956
1.2204042061906641,0.28052232258507653,23.37261764789721,0.31800363709246265
4.96447700714991,1.9237454795154938,24.82816472071437,0.39141920626108445
9.889995766238554,1.6395063349875307,19.436220301080493,0.060318295737842836
6.396593445993162,0.3695581500240859,19.573594379582342,0.9784064721945888
8.691805496634013,2.6152161389808115,27.132844143430344,0.3000291343273146
9.22233656363414,2.813691256560596,27.448539868445394,0.9100395292931277
16.65239304460145,2.6673980581394736,29.47025929778672,0.26543287822111505
15.502854843123627,2.84320381269619,26.11831913824785,0.9128059008760991
9.892232629058817,2.7659590562856295,26.331129097428576,3.602263839752237
14.8978432650969,2.714273145290748,27.15745801886573,3.8845366263462138
13.558922715217227,3.104386754661943,29.63215212022504,2.270033179841528
26.81690884773762,2.7906371221215993,30.65009767335233,1.5007880989543187
26.033856641786628,3.9369188566382873,32.5674488550569,1.4549702534738829
28.88010608447086,3.9656787312130524,33.44277625552053,9.447928810257713
36.328133451666154,4.373663621546536,33.57167058030456,8.089663246657292
28.18865591859705,4.029690514283561,36.14666057382415,7.730390142769125
32.65846851203873,4.001125093691401,35.79496706658358,6.358535113117953
34.80279515948097,3.601479175608563,35.88821024393357,5.691235492217579
37.34825919154096,4.035117178152234,35.23182581676741,6.43679098932447
37.77678658474758,4.717915338864508,35.36944444634455,10.288120494033615
38.0481392322478,4.53578824503387,37.3744322539948,10.272851128217551
36.207189983331055,4.4574226387606934,36.149092511877726,10.407532624831184
38.57334082498415,5.510718352982037,36.901250642612546,9.021892657920647
38.087101195591664,5.9995850401764805,35.1785216378482,9.86883239404971
36.267584382886376,5.285013483614333,32.949042416166776,11.477396435025247
36.587894114020735,5.199623965780774,32.84391568205349,11.253606603083135
37.393582382766446,5.052119124985827,33.26125169722039,11.53800398989065
38.700159281081476,4.9359788127486866,34.60873795522547,11.846005983592477
37.15682872133812,4.7394299473414225,31.725722976464876,12.099139973066238
34.737309235034566,4.990974539979789,31.2946595389616,10.9815498353206
35.109629231658815,5.047461839998574,31.48160777641905,10.821853812848405
35.42392351074447,5.960596177298154,30.81923887128879,11.569021902756678
34.131622008748614,5.203257912931407,29.482021893639068,11.888724934704525
34.415279124771416,6.1892151914783105,29.494174200875825,14.329874017162885
35.083091997816524,7.05148171007802,29.45827237241603,13.898413127566862
35.274561033205316,6.809122507833517,29.355810245332634,13.440877248224709
35.232026664751004,7.124014806166939,29.621613548210416,13.747026146405698
35.92903712092068,9.57928703404007,29.55199750894793,13.226223939361777
33.09736207646691,7.637046440212915,29.454387914720726,12.842529691124854
32.08480207827031,8.446120493344495,29.46503768945349,14.510768102874415
32.54148706681379,7.874626409769427,29.621089889186027,14.697574264005054
32.74251387696103,11.176630204884509,29.450976751520393,15.02214426263248
32.0879727520702,10.811778382366462,29.45959414134237,14.427000731210176
34.29668219048725,10.71356540279772,29.46881189698979,15.199425604793573
32.66626970919508,10.533521373682769,28.065193018017254,15.350460170423329
32.58148763259511,10.69843208845329,28.233136458349353,15.022372313041425
32.32490008714592,10.968345067382126,26.26216185996125,15.251334461346897
19.835398631390564,10.733747810055055,26.981687870868747,14.572160646311286
24.12185471962738,10.4219172906402,24.966633557492127,15.345691131721084
28.85164727043684,9.707426219489083,26.403533385301795,13.046562336719823
28.053793648958077,9.501561277973273,19.720342505434093,13.190499043168105
26.818600845942964,8.070912070432833,27.5238402833646,11.575200224078529
15.084685441465965,6.896338854623268,12.373653391802062,9.952189348665376
13.52782659342109,7.320667544719548,23.752138554259336,9.869155449336967
11.447288934922097,4.042278627315849,7.564350858368897,6.868084069153934
9.391901660326457,2.8416577483014778,6.938740087605891,2.4349273044191593
9.60820964912943,1.1891209112666385,14.075158582620112,3.198743536578997
8.514098875011745,1.8337702925475954,11.172083082774844,0.24240291182050494
-0.6727536111283374,1.9549547822423683,10.478530390999845,0.2620409261265426
3.0066079255684937,1.5186131836397678,9.073453629654708,0.31884757193596586
0.760698568955506,5.5838486245422265,10.288249551205906,3.55953064781548
3.2956824343261952,2.078362766098173,8.850167776669254,0.1815124691098536
-0.2739760946366581,1.1734009514613695,7.669888330105247,0.5722561770630058
1.6159876666100137,0.896856499194217,23.98505163662121,0.08239636615177488
2.9786573067643394,0.8989822898610587,27.26853653265574,0.8818811275377824
3.1915452574111174,1.9876878822437316,16.489419977453384,1.255868993692775
9.063785358983449,0.6160314562681513,20.146625859716323,0.3423500496481574
11.241357824056134,1.029151373136153,16.786166104192166,0.07284569267458677
7.114955273712,2.7127251477473555,27.512331268992817,0.37398488120924284
10.819619889129278,2.882572218940706,27.842965520392394,0.5284562049590724
16.15261891216505,2.608873087992954,26.27236511001895,0.3022266672685191
10.28403764137148,2.6189527136660926,28.80389033766168,0.24190817051975963
14.827382085649571,2.6129531701227346,29.689759988084223,2.194682826592497
16.403318429453083,2.4868062746979165,27.243697985756793,4.360970425576859
17.044752188003518,2.7259641660805958,29.408129891052514,1.8726589500968236
25.116474551458595,2.5904222210519237,30.118145798499715,3.9247604018029927
26.15492839075971,4.400585137542758,34.003593149692875,2.216177890774345
21.03675359200907,4.3182650286094,32.51854464402984,6.2219237131801
27.158026486687646,3.8872427203372832,33.361018211947695,5.954621133531251
29.299777955094875,4.706019945951914,36.19303937529258,5.293680845470136
32.762825529933224,4.786687988959316,35.95061120781357,4.7403552682748495
34.74522836441944,4.561339762923942,36.34024948305048,7.346508493950009
38.66206613061553,4.008006449714218,36.07217510443491,6.582650492316575
37.56477489288577,4.313987489483637,35.65682915189413,9.842264434017542
37.03512300240138,3.9417869610718363,35.63937316861901,10.580445874870245
37.57189547183943,4.662650364675163,36.7444191954232,10.366866817099172
38.278612132847,5.528957871635262,36.919534758922175,10.264447500299733
37.45048268557433,5.8015617285853525,36.32343370083192,10.032909886004449
38.356846924728174,6.074445490114941,33.649076910760805,12.500238099507843
37.24902292799005,5.77418471449528,34.57158082129137,11.732421506554497
37.17908702389105,5.410720294647511,32.440328674102055,12.210778904855875
37.56264281907937,5.996381406994984,33.59553601715385,11.511119461306464
37.515391590245194,5.709969149271163,30.213764138812408,10.685892284831162
33.45320400839789,5.965575849222038,31.571036693792337,11.675047687687748
34.10962079039668,5.377322710518497,29.73522198884155,11.730874004027498
34.94935723026213,5.383601694908404,30.444752311633803,11.839660129818595
35.535193105597344,5.047017786711495,29.3410459970305,11.739722994893846
35.283613770110776,6.532667019661661,29.489952170647605,12.706055024328872
35.4048956794915,6.663789228886907,29.396245992340237,14.171472614524092
34.20075299860852,6.541716886601615,29.504650968612346,11.931428005743676
34.57127044313537,6.011232532267784,29.53015935591357,12.781985331982522
34.67702947092575,8.205478736931667,29.597335247292477,14.976654283393913
32.443944868568416,9.292422208642742,29.43635271764303,12.989797495519609
32.496173210484365,9.117893367413217,29.455954058662353,15.697141870294676
32.7829835417235,8.60247049378492,29.564610294372756,14.704191874537036
32.1576459190051,10.337365970581633,29.58494958236273,15.057924300417149
32.50772590237958,10.292396778807902,29.49595887600661,14.929648755190051
32.38989354291239,10.47715642556543,29.634607196158157,15.038300547619595
32.708177653340215,11.023186108453084,28.457030619542664,15.648688252343856
32.67455658158874,10.001425442246596,27.34428940804292,15.658993776120465
32.17831946756318,10.399155159148508,27.734222052125958,15.121433908248664
23.841063461041518,10.389039695246758,27.819603810277982,15.288561542044336
19.857586472504362,10.203618206794003,27.580281873314107,15.770146660465162
28.82507664887549,8.857751701569248,26.612996807653154,13.789809030502141
28.7280555384761,9.33086464826177,20.62180013671278,14.005448005678451
30.162463880951858,9.56107183706583,15.755112389238183,11.058731676840953
15.418388834513484,6.489903782124828,22.311357710356784,9.81596781620894
23.407293355436234,7.138330509424692,22.614228741851388,8.405299076629811
8.92318297861831,4.753182894956377,15.073118423599793,7.085064193583843
10.346879830453865,2.56446451076621,13.517252694749448,3.5845597130895457
4.519872007798726,0.11336076402465155,11.750733540700763,2.873705637418084
10.492539558487634,1.0742172665528986,9.409011653162917,0.5793227300412652
1.7103601667646835,1.5776093224101444,16.45917227229605,0.8179698792478044
2.7963630417919005,2.4442409502238682,9.612821771437389,0.28398733544590166
1.434086523728891,5.700430760944353,11.292562613487334,2.9341426394317422
0.9783991589560934,0.9285202179855379,13.637344088137812,0.07708412421820698
3.5199949921579092,1.3621922524617818,15.206954954361306,0.6018719873342339
2.657505338493066,2.0485924459096987,22.67294531491215,0.3699108333112439
-1.209516588780456,1.659344340558272,20.866943508353344,0.402693220195793
8.3275272477984,-0.042845502266465364,16.84821099089598,0.34040143356689295
9.071085418186891,0.869749496375885,23.918279181089382,0.3142749304907604
11.114946649402565,0.8993272790410092,19.62888069717563,0.26707444382051454
7.8650178215535025,2.3487100794974096,25.665806965926183,-0.0049249556543215015
8.189664441231217,2.3399590703545954,26.33613152415035,0.5086680357032017
21.59297901605438,2.640935224044385,27.445266585985397,-0.0504637173698196
15.959369541193183,2.4463403741059198,26.444603667638233,1.2657687484833369
16.721746065927576,3.006061902904209,28.680934820339548,3.5432250444493323
16.623695796471367,2.5654231553609117,28.77758577103374,4.139480423399507
19.187883727865835,2.8851460008822882,29.609215805719742,4.306876718140866
25.528779435919937,2.548557292767904,31.11188519221363,2.852780739399993
30.56491303846058,4.935586189397913,34.006645375098195,3.6893003049588784
24.73176952780752,4.1394799406800855,34.07693780211982,5.496750217474557
24.384348932461407,4.901783546941486,34.20236795438679,8.589550140808853
26.98838636345374,3.991397976939651,36.808350450760955,8.678197258325786
32.86018322854062,4.114648322505957,36.39356309299594,6.703917792263364
34.26002853437193,4.085334591700468,37.21598537905697,7.265846182700859
37.87677875101107,4.248352041050587,36.59342627007715,9.52069429375602
37.92832080815921,3.8264472426321015,35.75832553862626,11.265855096129426
37.393372970112665,4.028281145565047,36.49570260176915,9.604210200053572
37.02159020037644,4.320309067882101,36.62437741930795,10.288662946711957
37.7195410580012,5.93376330503684,36.043364251317094,9.9884012730178
38.46593990942049,5.4695430368572895,35.982863841449095,9.92026952910444
38.00014194516982,5.242097671233588,34.06565251934402,11.425372524344816
37.88459422714547,5.778256127478674,35.24939016786697,11.036109020255466
37.14594334560486,5.065638925226083,36.04580128264976,11.712658283202442
37.888912435069386,5.189092068356629,33.42146099298554,11.821133914279487
38.69885744163218,5.12798564815892,30.517091092987876,11.30138783875332
34.16025838336437,6.152244088328066,30.43853711333372,11.109115042268165
34.68958535790848,4.904543525089685,30.79845117673042,11.685339896427744
34.13280181623073,4.923081922411435,31.658627140626365,11.510339251002154
34.66233799248576,5.082064199652714,29.546669332016275,12.243572722061252
33.568319184505,5.143549857950595,29.43628118855292,13.778272308537524
34.60674332603494,6.927122470524502,29.66074453688695,13.137941912846369
35.52722562517602,7.071204716526104,29.43741762365122,12.926330886400152
34.07107608174823,6.032908558064283,29.490617988546422,14.021510139624176
34.52412653435639,9.671234128688662,29.681339338925152,13.701344983954627
32.90776326887727,7.7802953391776954,29.49570186090972,12.902236618602124
32.638149298954396,8.790887841325684,29.547600181013095,16.064688659651953
32.43958813691455,8.251920807269371,29.639199067593292,15.623259933543434
33.58406080726028,10.229455920890858,29.587560108005516,15.215412982943986
33.03780802595343,10.590288580085712,29.48711306017328,15.024908992219045
32.72926403814512,10.462946307158196,29.667662467621042,15.11680418191871
31.21588081655062,10.617538441699411,27.749351118348894,15.107250353385274
32.89387172528103,10.197920806525945,28.164994033790656,15.697439449786893
33.442959943000965,10.27511747724982,28.32794172691653,15.44585099909428
26.128522760513892,10.728006580808565,27.089413853723215,15.203832199750778
25.782514547148644,10.404220280917306,30.04856732419022,15.383365470729105
29.52087765143446,9.503339939113859,27.71673423298381,13.492993396376175
26.90677487855015,8.137806018766419,22.97666505768804,13.501956308213465
26.93919172835685,10.700440303282713,18.438065011684625,11.707196601663593
16.88160189578575,5.949604810250533,14.647170225855229,10.65872998640776
18.164200904424696,7.406535772930686,22.85194773581937,5.967761316323874
11.42400654830486,4.0247524731753765,10.268318088352048,5.538807498065196
5.665771743078248,2.679847396758416,11.113801347590279,3.2617220614396145
7.500691295109918,1.614146664160112,13.493500624894683,5.320715185678026
9.967208284833328,0.8570647882813163,3.4659742369288455,0.6363108098439252
2.8852333622746085,1.198484712480487,8.368612142471767,0.5734084335038664
-1.09075076552344,0.8928805686306863,7.730995221620334,-0.5135994771023822
-0.2693842426281897,5.983519988329165,11.798118720403549,3.0204083263509496
0.06777172842676939,1.052260497201499,14.463764810596347,0.1266376837040928
2.577890581016804,1.8733292706686,11.110649738899472,0.03154753585316891
1.6579222536530234,0.9239336773077641,16.127529543210585,-0.1213831295047969
3.3898414210253724,2.4394922799011813,18.618589548409783,0.13302327927998328
7.728300064957489,1.313906721415536,18.557028247266178,0.9896421447634866
5.142186291877304,0.9579482448017279,21.118534217104408,0.6943162297578129
9.499652472190219,0.21961500480434742,19.991970768091324,0.3388563623197947
9.970707137387596,2.5512852134930655,26.893597928118016,0.1104893326651963
6.845393747969818,2.773091286394369,27.12116159161754,0.09658694858024207
17.609355111180886,2.552603436332933,29.541802733948312,-0.33774100446013605
16.128567811812765,2.5851540250854286,26.423789553486397,0.6353895562290575
20.000731794223654,2.66507720434656,28.56607387544289,6.218985364299253
17.83477039992108,2.9295091229287937,26.716724221799055,1.5106518391157229
20.630700957390303,2.809050550742525,29.470212050918715,3.1124834718270815
25.119310019084473,2.5781631747698204,31.00887453903388,4.194645350105093
27.641227039658872,4.27806406960112,33.544472692127016,2.363364759816386
22.504376092203948,4.067596907501056,34.08976314445858,5.489333963158559
24.331901714610435,4.512654293601926,32.767886949200744,8.310667731049898
25.62482364897045,4.513890527290262,36.88943757959531,6.950464528437487
33.205078074186325,5.009565809842259,36.338573023067084,4.9762480219729195
35.28282227244502,3.233715192174148,36.32170320044172,6.095336661588327
36.52410932461975,5.080727846962132,35.35221258173654,8.350351721892158
37.26501335338458,4.056568276504304,37.070512565465336,9.713452124765876
37.0615869168865,3.6550136916711597,37.32715893700175,9.855863918535372
37.33757572222575,4.4243457917188325,35.50761099808564,10.629990758054875
36.31198790534506,5.207098535458015,36.268276975942086,10.636012071683483
37.60107424945557,5.558605636530997,36.004929841823056,9.612905788294267
37.94380899105944,5.8664954117758645,34.401528308372114,11.971012281357046
36.55189069413847,5.338363931088919,33.949775602476755,11.700754538026336
38.24655871038631,5.160177042423125,34.27943625365572,10.98848299359568
37.64757846897052,5.675628948807118,32.88475496145542,12.054788000125251
37.02804755282162,5.131784640014074,31.78088602719023,11.639291368947022
35.93091566764618,5.803105311429265,30.131448553555057,11.445248525474781
34.42120459228339,5.14467203836791,31.392946343440837,11.234236980709362
34.708767617604956,5.885104650642922,30.674147035241933,11.833874060029366
35.36009774419697,5.399449369782849,29.562541582047114,11.197297176738473
34.526570304984936,7.605813019159933,29.53580814857788,12.7818934119372
34.81466020341978,5.670760659199117,29.567906485767313,13.137650068097884
34.67859464741413,7.060179146497519,29.591293154310595,14.105620723103845
34.475330098193176,7.144394361466474,29.48514356252818,13.526869537775093
34.72664292163643,8.661302658289802,29.486422510390824,13.560946102481243
32.135388994093574,9.012442602851692,29.470246424626527,13.900909508752846
30.976117035777552,9.333401318830953,29.450992251482337,16.14267809236398
32.833564871292324,8.922097937053406,29.389590864932195,15.445911026107144
31.864835041040745,10.896532581694752,29.514852785544456,14.25347581216308
33.69378427866063,10.704952674003886,29.52941828012708,15.06594410573905
32.41866966146014,10.75691725844428,29.51577235234406,15.315212891188352
32.69604635309184,11.016072204384033,28.36284934874646,14.773989127189475
32.04964178680715,10.378836570967023,26.878499269909266,15.531767120320255
32.120757611487875,10.876115221429929,26.311293322491444,15.044458852223014
24.255984492851265,10.601706462584868,26.983659231087152,15.00072657538968
26.657326606127263,10.354091946770952,27.97470790484515,15.30969717451493
26.364766863913857,8.80371010464431,27.339229226680438,13.501510421135338
26.271450159322573,8.75187244174344,22.56754025763434,13.972729476862702
21.171673083219112,10.072796790310933,20.795696577335097,11.012129748619069
14.827687995288743,6.655700365414642,19.791304050444282,9.750231517125561
18.64652138623476,6.814173939683392,26.806349462299394,5.376641553230368
9.483415761192878,4.461789346736379,7.879089944292931,8.334227454163798
6.819951235297041,2.7401158061346016,20.050542802042845,3.3438519680398384
8.318982357374225,1.0670866831493189,14.738725202202865,3.4467028899912986
10.032161788131607,0.11900083945402078,6.197635910645968,0.013078158713187118
1.8753404029971528,1.203034271750358,13.687010606876507,-0.26263955394404853
-0.24890916418127074,1.5374538136608296,9.567638588377417,-0.10008690324767329
-0.3398326575277617,4.550645233760446,9.096258023293316,1.545688687814239
-1.8500543135278988,2.370828810622297,13.177184431239178,0.6133439538015099
2.1152363560853624,0.7219784438780205,15.62969704900987,-0.0860046816248726
3.2488399497533527,1.3629698858270511,22.081307177530103,0.19332409938224507
4.1703561796309945,1.7565022521529845,20.264502870762847,0.7628654680092397
10.939990339981051,0.9341177000669999,20.832515841495034,0.5195268453873109
5.78166525455114,-0.242942374154663,22.40056335838307,0.4736179277683366
9.98739467066654,0.6750049392661897,20.247397620889995,0.5098101408280645
6.701433496033341,2.349079434027564,29.134618744039326,0.3531864022484257
6.336226527725179,2.5978933181294814,25.620909635717233,0.7694212730099372
19.250673658783015,2.463206041915729,29.525754089365815,0.5303090353338944
20.39900219527624,2.3486739469184044,29.247831768233656,-0.17591952117890133
24.126163459672004,2.484138865003874,28.03683430248279,4.568926036915128
17.47017716364156,2.486867113757725,28.590131261301803,3.4442114152611074
16.569507926970413,2.736817642245821,29.45838799718758,5.207706954141874
27.098710362041803,2.415859471449602,30.412216989353407,2.9147523959248733
26.031790098970337,4.632383044442556,34.85532978981322,0.40301465139371295
27.928504069406834,4.519131788863691,33.18013427133392,7.88708823861148
25.394035441637616,4.480436734940633,32.68850982576903,6.774026594199921
26.25512530425174,4.415847902153292,35.97147850202789,4.827259319716925
31.928825158605576,3.9824077267974825,36.387006477369425,6.532568384112484
36.79549444447902,4.035710494092694,35.754498405103384,6.23709720634663
36.79301100814031,4.410453929304763,36.19533096877646,7.127419362462071
36.10420835163491,4.000326212364442,35.70754385280631,9.640150776645662
36.74767552502314,4.433829089468767,36.22313044849611,9.72793390601149
38.05169335653162,4.315905636975404,36.296392342567415,10.413442140449893
37.6636559312678,4.805541671572454,36.21940519841264,9.713059126340175
36.992609894881085,5.9491298359947535,35.62263384749182,10.257113448615616
38.99505290136437,5.411021522149739,34.25128819473618,11.916374016927882
37.605092254765104,5.838428028664322,34.44329131113764,11.677011274955724
38.685599765302044,5.925171976640121,34.673698439181294,11.73660925272949
37.43946115374941,5.281409552591557,33.00310910297706,11.547966436688025
39.11848121749466,5.9819807601807575,30.410665701644128,11.478738907240418
35.19087934100086,5.577126464942086,31.120366111627202,11.073508474429186
33.4351545610448,5.5192389950223415,29.51504872819805,11.861700805485807
34.92920833969118,5.434324614544272,29.830283403866467,11.412573059796799
35.432627877735754,5.525048659820675,29.500778176946135,11.116165734296533
35.5413623096903,6.849223821610312,29.392306248085088,13.751457114894306
35.01371994976129,6.655973927135672,29.50621308829649,13.576689596796863
35.167086657532046,6.286138940916503,29.456440324082337,12.752671451391365
35.57768396071011,6.204280256928711,29.516676987764274,12.597869874592933
34.69035287023735,9.814677401008975,29.360022923073164,13.340713891265684
32.43808187720101,8.845803791611226,29.46288001871472,14.385044968146198
32.58044792157942,7.659872564102476,29.4773794884835,15.110158315125611
32.30912785337602,9.986884956814785,29.503334663598796,14.96625879961561
31.641537996804402,10.417899197026651,29.399192515026275,15.039397886816758
32.54675996373781,10.1603366166558,29.42397140011755,15.376573822336114
32.409896732883716,10.054101104824607,29.53586808177197,15.345766681559699
33.680941521975434,10.592578869796048,25.974757915539136,15.472424633715463
32.66080680627569,10.76736412046503,27.20396171129456,15.332267618064249
33.772709343087605,10.75350504735327,27.69190831558502,15.350299188363095
28.311019394889605,10.57945438839917,26.86824070370929,15.02302706830066
30.932562941410527,10.778614235607714,26.475753317803644,14.888353987872375
22.226912240386977,8.213418082598517,27.313065944323302,13.56935934435355
28.75830576212988,8.926998202678352,17.623784866992523,13.68150121410549
28.994674634309934,9.546390442712903,21.94547691620421,11.899355083623798
13.726131770344995,5.265932308103944,22.64405037004241,10.311743678174354
16.546153023299244,6.059415614904636,23.507752477517272,6.283595920237656
9.465944098404073,3.658832245948982,8.154318528328321,6.05467439517098
5.917888712468572,2.747673396180612,9.324311063621538,1.2800167513211773
6.740571321723546,1.1643379653219221,15.911686355336077,3.704921263050592
6.032166602080461,0.7154843504682636,9.59932660382353,0.373518189408975
0.4666258135754215,0.3346408112578611,11.004512623640515,0.3219030505213678
1.3170113378777066,1.5103990456756355,9.062017524441423,0.4040231671817448
0.4832743137637022,5.227513549715583,9.946455805733967,5.173050523730254
2.8150326396944614,1.5913828509389931,14.367801475828703,0.6957712150312746
2.437600471843315,0.4893389181664043,16.06793255604131,0.6643228061409823
2.1648841005327544,0.6611631986212405,17.15160646353316,0.8242608370007926
2.0298344422568566,1.2477521391877582,17.996852045069563,0.17576647486893557
12.893201003367746,0.9013242131239728,20.47952312310696,-0.015179540211243363
11.723236508143266,1.8884948702805995,20.151979305316953,-0.19750537773176705
11.43252553362722,1.5150902997997167,17.03379468716507,-0.3352637025045912
5.120958249212313,2.7262105502259057,27.75549651615986,0.4716082450617609
6.963960273487025,2.886498545738445,28.362519639935865,-0.18093400724821
17.281780904561586,2.3129323385105356,28.953747774753314,0.00042516560376713674
14.45822505406521,2.528879401270076,28.386472545686978,0.5968362020914274
11.41026389790044,2.3358951092264757,27.320108903166076,2.2892534746974675
13.037767717474411,3.0246784590443525,26.93365234284803,2.8925768474543103
11.619008411137381,2.398543187880515,29.498626715673595,2.27233702124863
28.202272599111268,2.7128898854395778,30.61821930581984,2.1355152284507906
29.497006444793044,4.766206410440957,34.22180516273845,2.6346743025161516
24.950348103056598,4.285970905566868,32.13443826513658,6.919786514335159
26.720271546112137,4.331873421069724,32.21831041346488,8.196576637737174
24.185453536985843,4.541843658087997,35.56457707733797,5.872775429116469
32.93823154035061,4.144779464450683,36.340181086625584,8.15948962808339
34.89529001908439,3.578907124488987,37.38391181582913,8.319898577706274
38.19085302476199,4.528663331571958,36.21386848747446,8.49285597147203
37.858958572314755,3.917050409760551,36.680993667389885,10.498460150037594
38.83633178014277,4.006949651598815,36.27015026745266,9.587246266022612
38.30122235748749,4.1152373882820195,36.38882228628883,10.090157857702593
37.18744323359927,5.0229468493165745,37.03989067825073,10.29418086632527
38.790029370960376,5.256095466551743,36.59978262925849,10.557700432237459
37.04852507405429,5.516900853253824,33.52881474301204,11.41335310680961
37.18423673432947,5.204254942969338,33.179157693308326,11.629155199088386
38.54248439200909,4.718610069815569,33.00033671888701,11.642717572375286
37.847090711578424,5.703329350045335,33.547939033966266,11.126801482363001
37.799144418073446,5.310351240260396,30.12096719190703,11.073223323264612
33.731009107782235,5.648564221464705,31.204573626695183,11.459780829637179
34.244720810129046,5.605786603616154,29.7618735725077,11.53589229910996
35.39621645447944,5.288163540733199,30.937920604228704,11.136724709479438
34.97667312241635,4.2083497646730965,29.556930244689074,11.126726954609826
36.29007938843534,7.103735952898529,29.51647776400059,13.082253753474197
36.35400586122014,7.355497116235741,29.4670177129119,12.773423608840082
35.19981367877575,6.072751407610224,29.53909428540532,12.872699526023016
34.571460155763674,7.356351123396033,29.547038865462348,13.116273593860308
34.71685737365105,9.277869963848687,29.407157479539844,13.853810931496621
32.781206404355494,7.8728511030555515,29.587654773505246,12.847329475444269
32.941433370223415,8.833424473354334,29.39728008133079,15.665299601714098
33.00176011126514,8.019111730661503,29.501011694646564,15.33412416728672
33.225084822576214,10.628504694543896,29.366562236795858,15.027445500299805
32.19403358270508,10.534988001648644,29.442877898924138,15.489348929236675
32.74910517811465,10.23676236714321,29.515089264227708,15.503580559010295
32.744143469678114,10.711820072370077,27.241843370365405,15.686497854769737
32.89901849614406,10.599805004761429,28.714452818125096,15.043931122824176
32.67184371091992,10.420974867601858,27.8558637369181,15.873888761585873
26.088000780464057,10.430873009038997,26.20288284996553,15.373325317200642
24.005298356555155,10.173172516427359,26.728264757603185,14.935811211147863
23.975145547529287,8.892140113403885,27.544231254491404,13.402834894154982
28.721117832124225,8.22054060688449,13.07749466042071,13.005509793372774
32.28166163392072,8.214806198677094,21.16494488395411,11.858076581085625
15.462171657642442,6.773756882840757,20.92193498790215,10.185442242959827
13.127471425800731,6.500580460739225,19.363375610780405,8.687745338445785
7.561106118401292,4.071777014233536,6.030766987449605,7.920577749982779
7.324211224923076,2.4051968587285293,12.706522570922399,1.032754667312459
12.860157113217358,0.6161413179470578,10.40777036139,3.5946453831599285
10.110605588873183,1.6092117005791935,7.446289518525476,-0.319690603726793
3.6787686302237708,1.3962984415435653,13.221263744654388,0.21273837556222458
2.483678862372989,0.6294950431373353,6.564241273700927,0.4087621775000471
-0.4659633576139787,5.262947725448625,4.29710966612446,2.6745849074630947
0.47511431730391285,1.3281914624151956,12.686033529582996,0.6200760269851523
3.9574917767071542,1.1885139571454777,13.879849485861207,0.9599915652161399
2.207581651809719,1.5189123450775814,26.586839904420433,0.6860177206393571
-0.3155223987248703,1.7986576286945137,16.199898653222053,0.37443233193544834
5.633557644175859,1.5047041913933232,21.062420045327684,0.4716050855657164
9.523121625791587,0.9668718983302874,19.33187021127048,-0.04584435799133198
5.16432609916851,1.3696962038542213,24.577718525761522,0.6899780602481733
9.00846733206844,2.7893835617208644,29.276060073818,-0.18535963829411087
7.100990884651196,2.7221522598508363,27.673124765514004,-0.3006168610636271
12.40516948326619,2.83902738936808,27.83044032884317,0.6399647742714171
16.575626985047567,2.5913575743841024,26.927042288032826,0.5769818574049198
14.802064366413587,2.6669814706644757,26.478120716232297,2.6190736253407265
16.944316051876854,3.0108941334882675,27.100007887277737,4.231281660854715
16.323253775760485,2.472272295176927,29.452972546129295,1.018914385536373
28.746523982326348,2.4298331346295434,30.704902878552073,4.0779365523675235
28.987252039337893,3.9844310812174473,33.47345598084012,1.8801294766215935
31.614198329002047,4.646179969584731,34.74929788307722,6.816386355768953
27.866132409756588,3.8186130771646734,32.69067907967981,7.183888796345497
27.283726355780644,4.790513547283645,35.348642916923936,6.928724050934164
32.28308911572176,3.7380013366779274,35.630123158963094,7.165130725375109
35.37954039823417,4.631380504758973,36.71636987864122,9.481455905765111
37.685979400741004,4.445196873364517,35.03400522825932,5.389482535836727
38.062327119665056,4.3346089825167855,34.978789426169484,9.486789949020084
38.65137787806742,2.9980333428364037,36.4171455083836,9.897247263681042
38.73980143625014,4.616646308005404,36.25214596344062,9.206094015073955
38.41769378705618,5.211132513401544,36.485634561055775,10.289997744984825
36.778651783339875,4.485688495296982,36.43276141212436,9.213119187427738
38.447714278424364,5.502890176990191,34.46103564771938,11.759398804972552
38.395894932584376,5.69588962453044,33.04387122683915,12.025585222600345
39.108032723399106,5.652774159131024,33.05459390749517,11.372399442784301
38.03706390040462,5.386253164665856,33.968431199385144,11.8622618544539
37.93491485847261,5.358093664175149,32.028836366511214,11.605321035218736
34.8739933862199,5.140714221699441,30.699265679959087,12.113129466357242
35.20249961532174,5.264658621197451,30.494972002499438,11.51967734067276
36.12427075846494,5.762862707623647,29.505051960595374,11.07747582304417
35.09103156021538,5.4334408981999625,29.570708275893452,11.197842817269729
35.05238706393804,6.887096203303095,29.566574213477036,12.659973326826814
34.13220606124247,6.708720231620531,29.575010225826716,12.813384672801323
35.287773938146884,6.539614370249831,29.50059726663808,13.18924282533302
35.97008973748309,6.1932450020939775,29.490622304670012,13.243662818708081
35.04419710464449,8.694396635181372,29.537583440174554,12.727421877754082
33.52710812349213,8.820460956972713,29.341915213675485,12.641022599849272
33.008054843364604,8.533287576878442,29.52777299868548,15.299029621841065
32.19273992469483,8.505001343003878,29.598271179298063,14.63497475627296
33.20628334651596,10.53884395907216,29.54383284367204,15.340947031777688
32.99620557878642,10.138377423437609,29.52073760760056,15.82064574027223
32.97755634606003,10.770511967245463,29.27704504376276,14.880391419398498
31.86875573711596,10.383532767841468,27.220575678527464,15.884304362861508
31.944672616658636,10.671445346072304,26.254871835473796,15.43597564496154
32.73501391199835,10.676214186731485,27.628297942047407,15.22429380503508
24.90693644373275,10.197242822872907,27.067852686388992,15.450801128313207
26.4816223120898,11.090465176699217,24.749602178113193,15.750289869640678
23.712357101944246,8.096889332860352,27.563519284667365,13.531111491944527
28.40399987389997,9.121647121584555,20.832356364265454,13.4596817689885
21.49396756725717,9.501793719816874,19.291428998061157,11.549161337499951
15.6630965559543,7.283883402686869,22.44784755180436,9.819010799431931
20.272819581571532,7.828167666890251,20.318344985256932,4.1062709220412845
9.258903232204341,4.08938579643851,11.385487643858504,9.66100884832931
7.144444876374858,2.4461357620992015,3.651233346957155,2.621198859414835
7.091077667156579,0.837085077163329,8.402609481344573,4.057745033465964
2.024299762834243,1.47113795175723,6.075371284097433,0.37760674370001435
0.10720382510390992,2.0631637176099615,13.388120966504987,0.011937203292320333
1.162556448147614,0.5399610393101812,12.47767156791399,0.5478169966913047
2.134670388956741,5.131460431370426,15.700585411033718,4.644729873200656
2.67432441825019,0.7170400432186387,13.258556813957405,0.7801162782931729
3.781316659448903,1.77850031996498,11.365900999551569,0.4277788773242574
3.9141136370479206,1.948335069278366,23.227125861134308,0.6966701794984057
1.8421066290971888,0.6056554796817154,21.82040725993831,0.3790604329579859
9.627495484200622,0.8270848614018081,21.800920412672433,0.4916029040938766
10.489026859664673,0.9908297886172329,20.127569868589784,0.42654515285729494
10.948442231378776,0.1247621747007334,15.063087869784097,0.7143309610861622
7.760237258018932,2.5355912799563285,28.016966822335874,0.1668704989841127
7.708198265568418,2.436033405254553,29.390251373255253,-0.24778995691602695
12.513610384973411,2.510832831086217,29.769229360159663,0.16004811075053627
19.358776500417864,2.4444000573209825,27.40574381405444,-0.18321869244789316
15.911303686161911,2.8155676855681664,26.331303314123762,5.199364812131497
14.754925552664984,2.757619658063601,27.336020996647402,2.5568333681384416
17.916139754219934,2.932906645098179,29.480871694886165,2.371492066791527
30.04080943438985,2.659218416578746,30.758620529489384,2.0993996206641805
26.150209936010036,4.249101097341487,34.271282173527496,3.2013522552912956
23.979488669614568,3.6773215522414784,33.43845762249259,7.1548735958373495
30.956584265634188,4.138614587026538,33.45261589404629,7.093645448955512
26.35937686561984,3.97789510264765,35.885115662318434,5.950245812554914
32.870732080709054,4.3273415558715165,36.254867452073704,7.828043482521602
33.8951176439324,3.687549347128785,37.160926093486836,8.50398406154427
36.76869269026147,4.117461830780063,35.06288259754777,5.410268795437665
38.00380170205148,4.365086526006823,35.496097818610885,10.274652589491758
37.57531653450455,4.1925875212437465,36.34912141483208,9.528859667017525
38.73365110429452,4.368449229200605,35.481654543546476,10.618415956151805
37.66097701667287,5.494334934413042,35.96547865530807,9.60374932802711
37.765193839047086,5.3873865269957655,36.41669251281479,9.905147521342226
36.96326798870391,5.589535905569056,34.916769493033556,11.690326802755655
38.93650845372242,5.424314217675357,32.885903109111545,11.05059939932851
37.401668186905226,5.283233468241234,33.61948792970356,11.559994057504754
37.8970601352767,5.477683228936559,34.056090372168455,11.347187458364568
37.690520660799585,5.1002071438660845,30.212605330418217,11.31170739052664
34.54641481165562,5.416288518656892,30.118508788751942,11.143767880898736
34.4777441206592,5.517523877316597,31.75900237359779,11.61492638686981
34.96932367092537,5.719524009304558,30.875536638859987,11.060518949941672
35.624858539922535,5.17923501960972,29.624291877438864,11.443763079728138
35.182430070295325,6.187897085556421,29.402377742687268,14.11348496164042
34.88986437547031,6.451768819615408,29.563586909211082,14.073863018372606
33.906526487593425,7.111550123040575,29.5279333827034,14.336795281775432
34.763653444399644,7.368432609855612,29.471853905851066,13.767652140167447
34.852007263549545,9.841795254758155,29.497455543873226,13.409174936675537
32.40489601238927,9.764075916621076,29.343475127638886,13.418794310310327
31.694985158822522,8.460635752867576,29.47275444153742,15.03251891883024
32.25229203887072,9.779113763559929,29.54394795970685,14.667357688786032
32.394104158380365,10.58673614425194,29.45611237857469,15.473856465962212
33.50490687902436,10.7991119012325,29.580785160405597,15.48390198331643
32.126525095662,10.069062106984282,29.593208828613275,15.429590325092915
32.38957765874032,10.361585522164086,28.320760505454103,15.748789201742094
31.978756017387074,10.58326076740897,27.191958749237305,15.136271074450596
31.97872437209901,10.63141499724432,28.096201592251443,15.421164975184475
28.51858927575041,10.541329194539825,26.10426239744708,15.556024919582065
31.029323511849327,10.355496713048629,27.880792637896633,15.230408181636246
25.8024851171463,8.933408662254502,29.10931967749935,13.047505795912524
27.575351631533305,7.987791043576685,23.615681494829428,12.745608541496646
31.182945561326456,8.366454434793406,20.677515408126457,11.218394429650028
17.473930303112684,6.439381775655376,22.01587152654328,10.4782883494196
15.778238907191978,6.390470528479174,21.08900371621934,7.1963652320002485
6.104100951157792,4.308729168673253,10.121117813827414,4.499446424721401
10.248145288432026,2.6645828254567183,10.16818727793844,2.7717231204638004
7.461673194280734,0.7759781097382914,14.757567516103855,3.508233208919426
7.939505628342706,0.35118052004025146,15.07738152111904,-0.08982062134474447
1.4798062442767521,1.6087850357867086,9.15201753087472,1.1822562124330782
2.6574085169682604,1.7919225218692534,11.154002936628114,-0.7898208952094128
-1.3784258607943471,5.722641847316523,18.87336763342339,0.8823724591617257
3.5926355799565592,1.1641478480493463,3.1425052426614726,0.3787712915378708
3.2619722499865085,1.0266592500784308,8.773588032909988,-0.6298808870586144
-0.6172749608722166,0.8169753455233475,22.381581729181672,0.27826950347654256
2.7191076618940473,1.1876582538095606,20.92524597341863,-0.39248574197272845
8.284792540745617,0.4404027625159931,15.022188567460839,0.3648451778651736
10.012189683679626,0.6459893545610212,23.259911049445773,0.5023795227100745
9.587714096650537,1.1121478924537997,21.868242836632326,0.2165504251187189
11.903933312022405,2.9463651425103805,26.637011133967132,0.25142035968019555
2.8326801897737717,2.4476336224428303,28.543961428143493,0.6599806442912936
14.668969676523998,2.6699390012751665,27.069522535344245,0.21797535764089762
9.43306661935801,2.575365250842317,24.382735271792193,0.5062856340946045
14.491742413069739,2.8507761145179122,28.45430953955714,3.3790719393569457
13.602540723629849,2.5685279086035986,26.143625113677096,3.533386480120841
14.441975263775305,2.8086293137790785,29.47569434179637,2.6713206239429703
32.14198426485177,2.6231416604179576,30.469006193771502,1.3522795097955302
25.632511300412123,4.366078408391231,34.74552532775318,3.8920080433391555
31.054126043311655,4.047104401242709,34.63398399417285,6.468631560866208
28.551575040371954,4.785801083817895,33.66655098360174,7.390079508322446
28.788941187994972,3.9594289121218704,35.49031914360667,9.229738190919964
32.82088737632647,4.222937754382028,36.033242428038,7.322028830237229
33.97508203041874,4.6992252102195815,37.0814038804883,9.292569867392798
37.80695637482645,4.385407932802118,36.99356407148861,7.141316728703516
38.872155118699986,4.6508302076974095,36.08463162459827,9.427751565392027
38.27841347447056,4.035523571909736,35.601485951246154,10.719683875417406
36.81089184527885,4.70301206344813,35.818693930769626,10.45589861472876
38.15661261482931,4.910994942832601,34.82331525312858,10.105368039261629
36.814125488765626,5.484140507792601,35.705721701390445,9.803143831558156
36.79746621270914,5.091717929318096,34.375696077539004,11.522115195586084
37.24881257486656,5.405042685209504,33.8475065289382,12.16186995986762
37.99664583696182,5.640329839980541,33.614850005149066,12.027902746632686
37.43694647842294,6.306519937328195,35.65074313791923,11.348093192107848
37.534785481672046,5.739044188215515,30.27879580492975,11.796716753719101
34.965433154451944,5.700639168024245,30.89948080834945,11.59948247144739
34.396782936204154,5.196958622916418,30.768423736651055,12.062734834085516
35.56748918881178,5.660861081240441,29.543079524964867,11.508199221908455
34.67186520280012,5.744221891689294,29.45410192029677,11.367339927278547
35.509629837877995,6.866994740471897,29.559949289287257,13.057418068669994
35.72267739294995,6.802752996378174,29.386463640693737,13.413418671696153
35.06851972315544,6.018080735901672,29.507857698741738,13.717962966477394
34.73947654552476,7.058870717765758,29.595664589246272,13.627568923263519
34.65685318737269,7.567811701029492,29.374203205086772,13.100999288476249
32.815094801732194,7.623410637379504,29.39600937101133,12.30234534202607
33.14167790034506,8.99673670157709,29.425319629504166,15.29253299671788
32.329634900425646,8.526173496725495,29.495021164155187,14.90220830500117
33.80605672809438,10.25058271697379,29.38763538681641,15.136096635825142
32.29395502535253,10.378409489164621,29.527906586855767,16.198459353211284
33.01668439207224,10.299549557436439,29.53914927910896,15.186403213663741
31.592142844891832,10.955580880525076,25.82044922619515,15.113271135880247
32.06455526431507,10.247782850645311,26.757709061721805,15.097699054419794
32.14023963399,10.788545640134616,27.196452262283803,14.685353172487952
25.403261843379514,10.452250942192892,28.724968488036758,15.63647423405762
27.83485714080894,10.309905913959513,26.672860946440814,14.23210764060393
27.168753517084863,7.924318928654493,28.654495181098255,13.963866114412815
28.79025244089196,8.482351860093516,19.430915385797405,13.669879818851124
26.930900922797353,8.990072592189119,25.1428684219584,11.549434253330407
17.21343624242681,6.348573027994445,17.595239436013646,10.53748752112099
15.786317691211755,6.721239818913816,22.362924598919207,6.290384865452914
4.5668662263741515,4.189658725143559,18.28805360847328,8.165553800713289
6.399724115169933,2.6371544034488457,11.765864528957698,0.48557904185917294
7.932894569272444,0.8076954748067986,10.798200046545212,3.110025065059785
7.486489241564208,0.6321212457634844,7.116964650737516,0.2875973047918368
2.6928322571210983,0.9291928793939318,8.83540409872776,0.36872163692922266
1.5005840504878925,0.5687701523808288,14.769766761837962,0.30038090652284966
-0.9829728654838907,5.734436663889732,12.740896967699545,4.457299761346063
3.3800081899156775,0.783718081107638,12.706485741957819,-0.33883892026410556
-4.329255765216212,1.8719892071671775,12.931551239961738,0.5112428906326205
-1.4138846089402197,1.0741369812171642,19.606757980081706,0.30539283090266506
-0.45003318978394397,1.5605551327134257,22.192984357014023,0.6553765035162687
6.877451479310219,0.23757523285176627,17.862986420824782,0.9749922810573824
9.632916026891522,0.13416449867351044,17.704725736821352,0.30920359409028814
9.119832977446077,0.5300817394959758,20.13511678551325,0.9103438008008085
5.370628482965914,2.7689378746154354,26.56731629563278,0.2664445240974031
7.555416076134973,2.685538616247303,27.966843727910863,0.0834705056599532
18.866643530373004,2.825697178629699,26.49101792056572,0.9104568142534974
16.906824999553574,2.894878463080993,26.80154446147554,0.26110430525585226
18.105825995965183,2.952836590433165,29.267077063922684,1.530452775175484
18.5015587992384,2.23736517015251,25.70630352531638,4.081780075769482
16.720894276276344,2.617547335001693,29.376498139068673,2.9190576779727557
24.68018141454513,2.6373931246861044,31.413244838129675,4.597405654407311
30.31833202740945,4.276523912774075,32.02301370792949,4.1073800264505165
30.75765928894171,4.147636046145653,33.57144119079488,5.653216983940117
24.67640910654041,4.25349773155313,34.22816334222326,7.968678942201759
26.365583214445866,4.458727704252115,35.48103454996619,7.094992086542895
33.49562618176134,4.333728762811988,35.28009051664521,5.844623425642319
34.813406557669424,3.620886971383544,35.47151278834396,7.0348014800975704
37.63998573136181,3.9146013582394192,36.711073569301085,7.128103370856162
38.365245905346775,3.8985049923426334,37.59149303828724,10.695908225420427
37.86691237483463,4.394157004878702,36.51610115728433,10.489308560199959
37.25843154242377,4.819949410219406,34.92684529359723,10.589228477864536
37.1022673111083,5.964787358732788,34.1351532736388,9.82436492346739
37.450696907118356,5.434045276900298,36.64287402440645,10.193854314373889
39.25287910436266,5.795935861904851,33.291288150534896,11.85345391493412
37.793607143181625,5.6866987562858045,34.797533095366816,12.063465387031561
37.78729439230537,5.694838699885814,33.76625607551537,12.064693555021933
38.16805385339591,5.371150127208552,34.57945814303308,11.5154920180014
37.61546961819494,5.5635552256675265,30.799957793117674,11.7248385237549
33.406062189383846,5.7985491661628075,31.217193355087684,11.893154295414224
36.16247742537382,6.046728497367178,30.427787959467217,11.762228324272213
35.1323600834331,6.083460082800417,30.337687072066256,11.506395002050827
34.863702047900105,5.6428797154354875,29.465299558815296,11.541183712708431
34.345880420057725,6.185403599000564,29.38884613289045,13.745308340783062
34.85753899464601,7.57044193395505,29.506008457383942,13.010986082123091
34.00475693815684,6.796876985530323,29.403888741109824,11.929901723708488
34.855181496068305,5.8522098057551055,29.50029428556036,14.897388485541581
34.99895044953479,7.738404970758809,29.451283678785583,14.444049618592603
31.964255502900528,8.805483611584036,29.50173152869834,14.553245298057517
31.716000973689713,10.600402795999868,29.356002588545348,15.693040282390358
33.350022823585995,8.347653167844538,29.527503502723267,15.091316759619692
32.213325765431605,10.533950365168973,29.532271100997985,15.669478522038435
32.16815668057923,10.740824602335538,29.4150001552573,15.251494338404418
33.27520955826163,10.35434146691286,29.33752732646825,15.105962864306456
32.686276705613665,10.928982985680891,28.8357002457269,14.507195158703844
32.46641508360286,10.47710682359591,26.859066262983546,14.480898317875402
33.36288109642231,10.742168595101713,27.146474704274432,14.083332741699781
28.94125181504477,10.704965709462229,24.924819882084236,14.643367544999194
25.09253946374963,10.27820000079137,28.799579281402178,14.64832436443068
26.13797215263651,8.590133478734119,25.92941124913758,13.509465932894715
25.972242537125695,8.026376349457943,21.529280226200296,13.966719167395997
27.839307204634935,8.786493263163624,21.128878600485837,11.263700649493533
15.692041097367916,6.952580448516021,23.99832059419894,9.455851787532037
9.400818904720467,6.896981963947601,20.72267460362164,7.33573889837549
8.558589016882198,4.895839874097994,10.220749231917383,7.388304137183633
7.165999442364068,2.863876098184426,9.818367545090572,4.815175408081718
6.380177104267887,1.5206910775849387,14.867970960209027,2.3613401854057368
9.575179265348039,0.24160732669976234,13.769506657039173,0.39003855303031754
1.032458871652182,1.428621571951468,10.61053040893297,-0.27526391716894816
1.996654215018698,1.5474325397974737,9.262950854815557,0.01231843564128429
2.789450578922503,4.7673871355039115,14.702199672459104,5.973527437978767
0.21725318323352158,0.5290577447144115,12.646013428853383,0.35631562323802196
1.9626416861114646,0.8852980784671598,12.512658086261501,0.6001387114579527
0.48496323409815095,1.938283529637763,21.947123301162833,0.16780751120706439
3.5800249378072793,1.0411148634842402,23.203387288881608,0.18857726566397773
6.466673425281793,1.0166088275933385,17.230677234106146,0.2980904582565563
8.87816834010199,1.1980478144767812,20.128640798301735,0.1256404708311485
8.891226305220439,2.3972378794101603,23.79330675237399,0.31440567360865435
5.531004439212304,2.5451120697174874,27.068848521220357,0.1556722536481504
7.351256107959405,2.4981401329127997,29.283447705626994,-0.08635160149769806
16.19215711930383,2.185542141276749,27.68956111918464,0.5979504118928163
18.279647185893296,2.699991331361248,26.872938689322734,0.03092362792498594
13.615632885291681,2.67970938884851,27.03871856480111,2.7176846227178473
16.729935380964154,3.0202726725134226,27.778024109671165,3.995188340814124
17.49384670694722,2.72210018922207,29.483466799049932,2.345489771686046
24.27512051017081,2.754319178211192,31.188781278223818,2.892360360097673
25.362487228178384,4.442905011993391,35.246764938649676,2.7232216390383757
24.596123034752896,3.87140110143213,32.773671273510345,5.156931366286625
30.413908699262848,4.548007998578535,32.54490302203545,4.788752930875563
24.23159796126241,4.1753949071066305,35.937127100445565,7.27030447499476
32.92674361694465,4.349642356422689,36.6057817494061,7.667422318894442
35.0520400443719,4.4183528812859585,36.64423838281165,7.085757345921712
37.43768735545226,4.65731349901102,36.392187615397056,6.597072682626655
37.46218030067631,4.024940295326781,35.883388662888585,10.814052628158489
37.71856600172473,4.395642758404118,36.1394159173819,10.323098303892728
38.063807095332635,4.613305990680411,35.708115697969895,9.615691772540702
37.77429930822105,5.791196534336838,36.53931422435888,10.125747407032359
36.570345898046575,5.30960926764385,35.30834539808391,10.175473591207245
37.62575456179554,5.202238714657859,35.40617716806325,12.459734623435768
37.34901093270084,5.200543682937402,34.25332581028165,11.339131338315486
37.50815127575141,6.027035446283836,34.12956625766384,12.253820435418266
37.530651232183,4.718999246299488,33.136595976328756,11.838277648895101
37.97634231263511,5.515134341297215,30.066912597301997,11.288237649095484
34.28346092929372,5.495952610016017,30.510543297056234,10.658700048691363
34.90010455871364,5.789555792455497,31.526259904685883,11.875845865796403
35.33056685835846,5.458333077056478,29.960094548711385,11.680545802001609
33.92133867082017,5.5435737255547854,29.44247290163573,11.21748789387399
35.41644151210013,5.877300961993337,29.438492771351424,12.812903917450594
35.695277824587905,7.460124904794159,29.61219652613411,12.865781205251999
35.34943887935086,6.551702924552338,29.57767842802657,13.797308651114692
33.73234977016969,6.199045792130652,29.399932259497522,13.140691695995361
34.462451241936904,7.608378181909238,29.441987678318938,13.439099523392303
33.03127313371328,8.865763226063937,29.463661729267432,11.970025345535868
31.466853103058362,7.661859951500869,29.437738151928837,15.170579825287797
31.75973824698018,9.193122454291572,29.424517244110604,15.762293120352055
31.67492890498908,10.624990658952854,29.503813534890377,15.214763568251032
32.704309815226694,10.728034438199254,29.541587428406032,14.571505542773748
33.14517673056327,10.801979041040273,29.458089845098062,15.22534118061961
33.377839754658694,10.66947011668259,26.15099358729361,15.116878296096713
31.838895041425815,10.828789702387654,30.30992573193507,14.908863801728732
32.233346224805764,10.340567400732734,27.929837722603285,15.215419742053781
26.464354552976733,10.163438418727164,28.223557197107244,15.563406463361469
28.772291514508833,10.589771117211432,27.803986041917987,15.829305431679462
26.633225770277285,8.913722702596809,26.035133802690577,13.449359318203507
22.61445177722001,8.374098936198436,21.879095194414457,13.631530181384754
26.957541266039097,8.318148443768239,17.845246899361058,11.647808724407312
17.63781183048347,6.898151251233743,22.62670866219314,9.869815435033427
12.497066624703606,7.615136015577449,18.806087056200944,4.9376282542999315
12.281700027546215,4.2125653617498084,10.531092684115224,5.765203784644873
6.6319285676403705,2.7103968180938556,6.601346065890805,2.1050085701706585
3.880382505194837,1.1936491218651013,9.552293639098611,3.0716604507467724
8.330979718002716,-0.7801732896749594,12.069113168202238,0.5595816334382804
-0.998295917517317,0.9929411356325654,8.807950527732515,0.7846972920858799
-1.2320205718386048,0.5358116976348911,14.500261957219953,0.1859100395456351
3.7186457448477768,5.86453632906977,7.19628728145822,2.353629322455581
0.07527738069956236,0.9580129886206251,11.966511488917808,-0.06071628658096273
2.066633066624838,1.3689581709905685,14.501515975412172,0.1350990078611698
1.7754230024673334,1.6575141724384503,19.2862256024649,0.5701209353865149
3.090681108365985,1.8127921998678203,21.721845861059634,0.21189289681269124
11.888274371572212,0.37513250898129397,24.50643305073474,0.14530616507183705
6.335270080903038,0.789123707622036,22.28989077857439,0.8495217651557923
13.669538790274457,2.023840056651844,24.93683520514881,0.6756272698689983
6.186412740971295,2.636438229072467,26.29247415560876,-0.3175813295521053
11.502267834569684,2.7262761153374333,28.858974065330667,0.3571407016015
18.641047875849683,2.4984767551242713,27.02751406551978,-0.12833512830148852
18.161013427001322,2.466941712254737,26.065729955163984,-0.0612016811799368
17.844830847202445,2.3542295235509774,27.664084657144876,3.7917304237902267
21.198604539216344,2.6128358183302454,27.727280149174128,2.034689832129972
14.82806120991592,2.7621091777854847,29.4416854660475,2.894308960301684
32.896524969834836,2.535789347698895,30.293721249393847,4.5316882416794915
20.404427278438938,4.4178705728613075,32.45530099522993,2.3191174113278095
18.563193431137034,4.7328706104063825,34.22722454439541,8.240407136637458
22.21041119398099,4.312945642616601,33.6686212361685,6.421789956006698
25.304569633377753,4.474622186180558,36.46700061007752,7.334689987478199
33.17679818701664,3.96879259743177,36.51268127249572,7.454891674669623
34.78497485176523,3.845371293757692,35.7947856104801,8.055866219131882
37.924215627900466,4.789310134690331,36.060746581246505,7.836409978911998
37.952065289721055,4.255094336593198,36.956018096805266,10.2338311812896
37.86648344127761,3.882935574038917,36.14907819002835,10.7274423554233
39.71789723698612,3.8349870768340604,35.21855244384447,11.078876002118639
38.108863915092016,4.967653038150303,35.8926981869528,9.437001724193003
38.41909855310158,5.314850581272045,35.9753129956346,10.905808455133725
38.19379694721415,4.874294741510714,33.59353589540461,11.368315646537157
37.11299978533607,5.884054448770033,33.82329085212232,11.598976910075162
37.750480355670014,5.314192868653407,33.82862800244399,11.968746012553812
37.108893371389435,5.42186390283646,34.75379075173922,11.142975022963062
38.62827975951932,5.2161099070844825,30.156248380189428,11.767882019182132
35.63338056526329,5.063844119205128,30.652110490292063,11.274930938524477
35.67840460428296,5.673201090507643,30.01191936344689,11.46646891618585
35.05330437057115,5.842502211874666,31.36673597435375,11.613090776905658
36.09492681256905,5.783310074196845,29.396627889279678,11.993438108412093
35.83430905336789,7.5367741403475605,29.40407493359633,13.254184545462724
34.27389164640366,5.2754324165699025,29.39014060242446,13.619902366780142
35.8651194865035,6.983229729665348,29.46847362447699,12.873254591730127
36.50356298839658,6.4205508033158685,29.523346374945763,13.26750717899459
35.941751846776825,9.020965755446571,29.413974822619444,13.618942186915074
33.81196488933198,9.611164332146469,29.534879984527798,13.977161540604197
32.85733792273522,7.705924180816742,29.496014252722954,15.267375010425193
33.32755776479065,8.786725582961173,29.540160487585545,15.514242119206331
32.32992349172273,11.065568411763543,29.549614542831296,14.881707192105186
33.17425105699325,10.718843779485585,29.57712500126809,15.546932273209434
32.71647416612505,10.598085686562994,29.562561777541365,15.14410049573084
31.91038318849693,10.739405802999615,28.14555168702496,14.805645368741219
31.545649130824906,10.578497909309947,26.460080105434642,15.271543884132067
33.14579552142374,10.353180392302123,28.492756424984975,14.87869803711142
27.121958681769005,10.761534515213901,29.884667509566086,15.457419176691575
28.29653546785769,10.355286148809922,27.09211390398563,15.23140243465845
25.919094114263604,8.09507496048577,26.088275025128578,12.83272413883543
24.458411097682536,9.092244104716135,18.36932907705025,12.878231130640273
24.127616061773097,8.970919836990548,22.396432780379595,11.56588502187312
19.681459875586725,5.829700823348813,19.6380096573928,10.855040392429405
12.077395572433614,6.724210573579038,20.704693917640178,7.113962406314715
10.362081226642289,3.777102765883273,8.426324984069462,6.507629911540639
5.717595206887455,2.455243265163157,12.188786565447586,4.020321271307991
12.359625912189578,1.4459290566975807,13.682868375416687,4.42249773878015
11.701847306217129,-0.05481934096401164,10.211460462857772,0.1003503365273298
3.472169533498412,1.1251615015800183,14.054487663087958,0.7056170669078584
-1.7439361467383172,0.7564444854232051,9.967133577027152,0.4778552255952143
0.9656688693157593,5.841544353993484,9.227095133615423,3.023700041880698
0.08976881262749105,2.0993884531294666,6.36481656726539,0.11764269750836003
2.912081093465135,1.289301077253078,10.690925340113553,0.8058573135200775
1.560148255509808,1.9051440686169014,14.948707051348501,0.08391286922460921
1.9034300452257689,1.180850597007172,16.05442967750732,0.28688740536914775
8.659605613583883,2.5201998944108976,21.141538891183785,0.34085836640675204
10.284075842250612,1.9820181276208682,23.178867053927465,0.5426269263823491
6.00351577305677,1.119756716721134,20.210499368652982,0.8614843315244813
2.4331188537900275,2.750981357475634,27.220362194730086,0.3240908639237812
6.994357780847417,2.5739843375091547,29.372412816579544,-0.2841030995441691
16.917897209816406,2.9769893844427395,30.050685107223245,0.22137259237505894
17.191948168355736,2.6650937712015876,25.33741296599465,0.45617206046422837
10.74240576384516,3.1481219067551565,27.019058855791705,2.801050460645549
16.491501053365123,2.8025202005634022,25.448515148284876,5.122855461102666
11.637673898293157,2.75535161693002,29.648890175279128,1.4223743537671445
25.888945597268304,2.694518823176639,31.284098042049347,2.5109049090421536
24.78799478638739,3.590771227054499,33.160750339236856,3.4143397324814395
23.766759335965297,4.273899099319869,33.91664888140025,6.098178275902631
24.65261661469632,4.438298681501258,31.549539015178716,9.449337092495758
24.143388970414016,4.413431886016728,35.757903965191446,7.602843506461556
32.33067546906987,4.678263421095894,36.899078324318246,5.607033497935736
35.40054207045665,5.066706248821022,35.88436067974955,7.404864863550184
37.5817662808555,4.133571033914874,36.27464837434984,7.5981613660317056
37.63728619980484,4.109058137829557,34.298456959474514,9.92629269115249
36.86766046961411,3.6811496401826163,35.19696387030173,10.577376388085879
37.5449632415327,3.9675697007930184,36.72378054050297,10.039839577656803
38.2460958157087,5.904257620620295,35.96304075452222,9.968195307234561
38.93214640041229,5.845401446337107,37.11652161743339,9.29300290796131
37.710553482650255,4.412629088548619,32.151131227968676,11.337416731124703
37.29136860605897,4.9460967534626175,32.39026019823583,11.75411894962266
36.83389069306015,4.985153837831665,32.753563018827705,11.439013564446865
37.93204661605314,5.20154481341667,33.06622772005733,12.045548174712964
39.287406895631065,5.2885511432770125,30.11601478373137,11.46927437491931
35.85669665807346,5.8078552010340205,31.372914160813764,11.402972616728578
35.54361220767909,5.739865075918976,30.247444584342382,11.699417423188175
34.42593349120159,4.920219470704697,30.040586466810772,11.55224034011895
34.022294963977586,5.482375983916438,29.458851591285054,11.515381469941982
35.13924003225968,6.460871144109751,29.59967086730231,13.56918284883057
34.17214723111868,6.489889382695713,29.497564471077432,13.787165438937766
35.993112360612095,7.650381946482753,29.40713816346741,13.31141460066141
35.068570323333574,7.062949993208498,29.5132664469324,14.080597786813184
34.48572228840548,9.092865663126025,29.551887947606094,12.417604907377488
32.44043154152757,8.641443076632418,29.351274068673746,14.021013350907744
31.487214215193355,8.30027920047367,29.53582737077862,15.380459865399326
32.096216735550364,8.72350283149442,29.39630446564675,15.428035838730175
32.75073992769679,10.525181631436292,29.52976655402961,15.053020710275852
31.860926825671655,10.206438972269442,29.545489096333252,15.189231537273638
32.399190845530484,10.483783534356562,29.52722845216162,15.235565068941405
33.187385387861355,10.332832253754885,28.716937045956097,15.442437494222371
31.95317298989887,10.371918733660566,26.90171922076222,14.751174821993216
32.54613049082546,10.670711081376048,27.61870460940481,14.862963621386868
27.429365798910073,10.47996116415994,28.058821869996684,14.989883612737485
25.349937569900163,10.710561247309874,27.64924241746413,15.094589570660807
28.37331233200998,8.266606866099549,27.37788355814113,13.199003165836562
29.047110963913113,8.83520554447989,23.057737247048614,12.651127172850302
25.472196694390036,7.8879581259877325,24.7453357568281,11.200040407748046
17.736620528838866,6.9790094810716035,18.291993353139503,10.892561364368886
16.32303345211096,6.858781984692284,23.450949305114797,7.19305566257937
11.885157314726529,4.035613539609625,2.66352215178521,8.046920934776036
8.187066362760712,2.5215455506473794,17.71469171751474,3.4215127772989473
4.7291650458728745,1.6896199730923198,10.176190551080067,3.0825808805729324
10.896266255148081,1.3233016370489454,9.786353567333334,-0.48363422747248597
2.3071886638753787,2.2652260189293068,11.306861487545516,0.25117416202398885
1.0104074128002731,1.2245236448225112,13.195299032952983,0.3866724758138775
-0.38991503188149884,5.120837810920335,7.0712419458201365,5.066356193929329
3.00639513740146,0.9422072603933765,12.67533425433734,0.32519839381939364
2.0834944632726136,-0.47634213050799223,11.285886060805542,0.0012746668961569048
1.2343886138300604,0.687025807559874,23.984946882232254,1.0016752257224142
-0.03665807624246912,0.9806030401516314,20.32430734192429,0.8898183143031048
9.668030458120395,0.4486642047642844,22.743060759782406,0.6213269271597812
6.872115226288424,0.9204112605130954,20.74434443230743,0.3817310673230569
7.702588257364764,0.6491901703462299,22.345994481443395,0.09849050727888342
6.7188709266258675,2.7681052079827886,23.681905290813265,0.22779862969982118
9.288513271589448,2.431054618224449,27.96892934638403,-0.11745874595507497
15.512062708461968,2.435404331849098,27.24539211505345,0.4257976838369921
13.936226871180889,2.434361957696993,27.81975204949227,0.534148052172212
12.348572923636263,2.5009567944831286,27.59196849952184,3.2090845559447505
19.933877967267293,2.898961936732586,28.127835851854027,2.9660415037919705
18.723063392867868,2.525233238171138,29.576837858467464,3.465776563803625
24.367893794442626,2.5727388236495967,31.208575472596074,2.864754643694524
29.346661583249503,3.7960112495258604,34.78717436494252,2.975037314606549
27.532122104513366,3.9330887213056664,33.595577955330064,6.2451583236645645
26.09424136182571,3.8839407721672994,33.15978469313925,6.2080022172138
25.573935241187584,4.3909615686900025,37.11569664843617,7.234960501172983
32.28320540930658,4.279065188788388,36.47956669959951,7.72292883496495
34.823623662439886,4.891753381301368,36.63322208791329,4.2244945926844535
37.88660071552128,4.36699356841911,36.796122551014854,5.065874162951336
38.149725733157624,3.999927022748316,36.53987859824931,10.385760779450234
37.799398872417434,4.5450127554520074,35.62458866691408,9.927720874038993
37.59964751759724,4.604689686315701,36.608300355904014,11.023842058928672
36.531451003966666,5.683398388145217,35.46729817545442,10.788637749241662
36.638909419813146,5.778070264729305,35.93441592777272,9.92207423838231
37.122535284461854,5.479458286663311,33.11395171067449,10.98834040026745
37.60113333278794,5.389213357122885,33.33340277502513,11.075736452053746
37.99456442125126,5.421315978104092,33.601858474013724,11.68469053667839
37.44683810015716,5.453182451629674,33.04815239771175,11.622736843006308
37.505181090869556,5.004282956561006,30.919670187103804,11.260916154601826
36.12846903961903,4.85659229328246,30.865007949488,11.628085364376878
33.862637320434644,6.396729610499502,31.308902393043788,11.576295147740097
35.112494074929096,5.31832046495416,31.649320999798995,11.78981852467063
34.90725573540954,5.624246618367729,29.478942215035236,11.424631507092778
34.8615484142445,6.195553365806768,29.569056084087002,14.508273101802185
35.98779728608946,7.023993261419409,29.51220594797561,13.331813409028635
34.768841919949054,6.205024656648871,29.504131757637566,14.018662913117087
33.873281993939024,6.9908223844817865,29.457917579835076,12.983126872771598
35.29218588326577,8.816233108452856,29.540959591910575,13.290007811622107
32.584507206818984,9.18949952847867,29.43414254615623,12.977812240545504
33.134332238683,9.944934543987918,29.555955492563886,15.07190661269367
31.22535102623415,9.872496026075316,29.43808459026016,14.920771713802564
32.918617533218445,10.549904217432834,29.64121900707073,14.859224556231302
32.719319976221655,10.533870140064986,29.748533926514842,15.36889419932097
32.52684100432151,10.460804932219045,29.517669838311534,15.51879660549663
32.72762623881717,11.143132885717284,28.354253697899818,15.655523221204863
32.78433625235093,10.77392911664048,27.17075486522208,15.056085336199347
32.06158667146919,10.608519087607775,26.595988498745964,15.194698504978494
26.891853888344734,10.689672142026264,26.315663226222277,14.929634320550663
31.393790593113554,10.258772367335364,27.58647259458869,15.694147801682083
26.45661227515236,9.495219210254145,28.97411093009406,14.232841130726637
22.27920624383232,8.358546991369343,23.918555471141,14.892022808997947
27.63274665906724,8.800037991010209,21.682520012893615,11.008172692757428
13.030761636542556,7.250501971763436,21.51548157610723,10.072542118574447
10.130937724576356,6.986180938792628,17.331693092608514,5.634150708438999
10.913728882944396,4.299272904732755,12.725440978303851,9.744597444261725
13.014522464404896,2.718552018566095,9.766090235967198,0.9790899460450139
14.189214461873885,1.279149425670189,10.423284434849888,2.6501080175495253
7.7408084836160995,1.4871511851473946,10.711501664193001,0.4658170998323818
0.40533005577445375,1.9136534589955163,12.378848639624604,0.1631271113043538
2.5995460800590586,0.6698312091062527,14.864579298766664,0.2909749700381885
-0.6507865805633805,5.335352549240098,14.109986318829778,3.9516221009471098
0.8075251510723741,1.977641891015237,13.25801413470794,0.2529218985237446
3.7198553615315992,2.3809360333380556,12.868420137192217,1.5290816159196439
1.0130549036788405,0.5839633116673312,22.85233339834569,0.7112904948001461
2.3685610863166993,1.5220860218794496,17.43192406144193,0.44393560112671604
6.9429021235002395,1.2096575548384056,21.206118203014064,0.09207516438959634
2.9398719270445515,1.558763298151153,22.740861715662028,0.6685779103578527
10.820711860563003,1.6697636832119038,23.206832443722494,-0.03775179952999048
7.076131326255718,2.7060750060126755,29.95243077550603,-0.37634991097791387
7.642492114346929,2.6403129610610123,28.143365761361437,0.9974333582807
22.70746628507189,2.6557615930755403,27.14244695255183,0.039457558704031115
14.652104834199566,2.818853871061818,26.93978161272062,0.9738328746595369
16.908558950748972,2.8565424801732213,26.82211931141769,1.3621683489568055
14.287429997621823,3.014325699294243,27.64471846971282,3.741787244311948
14.90649531330955,2.824285114995926,29.52600014721764,3.8620132993173693
27.826860834014116,2.3924626131797817,31.950065058900332,3.267730752635102
27.401519499590375,4.590445047019484,33.50635345091465,3.184339169352365
24.757668786499252,3.662272157186695,32.15917019438425,6.447558875657648
31.374799074107415,3.783381115596374,33.967237026229434,6.378712861623377
23.380622843971885,4.298480335993383,36.141778245834296,5.547487980497161
32.06715742579788,4.734993441767885,37.06882992989462,6.1793424172106715
34.691036606207184,4.102151363058979,37.50124463681884,6.985073231218796
37.61521682888444,4.12718423685715,35.26474970324555,7.321709893618579
37.865985280005226,5.054576341795888,36.13158312191843,10.587619750925356
36.944957970396715,4.510780118535905,35.29925435508078,10.434503801393765
37.507381978918026,4.492745561861359,34.5983622808848,10.616971165888685
36.52896787717224,5.775669149997921,36.86989084358439,9.525237298461736
37.62026874610761,5.727764744884636,35.988590310573095,9.242039110669081
37.75258943158138,5.216444109415476,31.459750026995856,11.559317155193565
38.899742652268316,5.220530842073871,34.2500161649004,10.383250328323554
36.990368850504666,6.056855461589265,34.70122096954127,11.706473303897837
36.79197523336823,5.289464058129124,33.944201657323426,11.10349221785122
36.81358974259156,5.679563600309075,31.267935971995893,11.157034516272404
33.71218464415349,5.224072454618777,32.93306120067652,12.033379554655847
34.46307722331334,5.282244567535843,29.49134910628835,11.723377289130005
34.9618105898593,5.41969580426973,30.04316791158659,10.822873437886027
34.9333875042048,4.8053033951535875,29.59935194690704,11.424984102708095
34.32076276877378,6.670632942076995,29.36246298873802,13.532969609993545
34.53868456847326,7.256826398359706,29.303868512263396,12.36544819827879
33.98858552959122,6.156253583557451,29.59162882716306,14.006913516913073
34.86281031928519,7.234489201143622,29.53572096384429,13.620325574223743
34.77342912943815,8.039430783178169,29.41063842636929,13.178211762489182
32.03990511928774,7.6663879042161485,29.58319504032496,13.557884219902872
33.30822533437696,9.001317679138056,29.53878310132538,15.467776577276815
32.72130567234537,9.568594175717593,29.37642707298097,14.591496466970606
32.27399316058819,10.75937140285366,29.524612442438933,15.162685782907351
32.69211581984471,10.36327634278716,29.413120661669357,15.35646670440888
31.747290649937177,10.384013821567073,29.423939618320034,14.788070637092972
33.08739934830486,10.486093793450474,26.010618454104904,15.20448410887784
31.958451573343684,10.7848155988985,24.858755460943435,14.946042688502667
33.539482244760165,10.362874051576544,28.506570095385637,15.196147702321202
25.847562838817723,10.434428637540766,27.456621194432895,15.176460653415552
22.231973143827513,10.518191674447271,27.249892153795365,15.083215560783877
29.333078019727303,9.436115981057972,27.10646362000102,13.891694597213895
31.95160822974428,9.231900101607131,17.382371101889245,13.263678077296499
29.20273478293553,8.221194491676318,20.34460142675842,11.607354858918901
14.325554479971567,6.598671444745066,21.08148993371409,10.458842871615776
17.35291182966646,6.615721721062548,21.301746927251184,5.956349375173174
9.7746384908843,4.004867122546577,14.174587572301412,6.7661752584067
7.370500494104597,2.7400607054911665,16.046621100030624,1.846277958137183
7.4143672869439765,0.7218117375399369,10.796272810377037,5.006408315259748
8.628090072697901,1.7420176672465317,7.105995005222392,0.3773363672430124
3.6791126559493197,1.1242401541714875,11.91823650766622,-0.042849819146863075
1.6619391497238047,0.039168242372784434,13.254941644735782,0.7398689523427217
1.0630875254049394,5.83288874457227,11.536263859280808,6.082267565775463
4.524422159542612,0.4231046091227331,13.260384186437701,0.807846378111846
2.0422545070424825,1.3310932181858124,20.176616263443854,0.08826146264021845
1.9271828116589458,1.130881708090483,25.51645472563079,0.7692245261883367
2.9996507341474836,0.8161180453612327,15.690972169075902,0.15113646547587684
8.004379226109885,1.6547452838852121,24.66387523889873,0.33552829716055854
13.20601470057724,1.8897951401315591,25.82235451658735,0.004163094552370458
10.796034779588739,1.3238947367443659,26.54445272565434,0.23232027261452778
8.88903799375737,2.936786594732317,27.661408486931588,-0.08051740288294923
4.921179178738415,2.7373228517914554,29.101076292421624,0.39523793226327936
17.88941372172169,2.8256954957178,25.92755640707383,1.298355700080783
17.04847016090962,2.786724710971052,25.832836365273863,0.1451553826889191
15.685674841487348,2.8630233592027,25.22141539491093,2.0399699279671473
13.092066297809923,2.764187491610472,27.539413716876723,3.454145941707277
17.16471220474042,2.7182919653758213,29.668772436238367,3.5697779119800326
23.0050781724962,2.7419584462706896,31.307480162843014,4.115229342874847
27.949433929708928,4.016171114896952,33.33283796014963,3.3869435185895576
23.294544224122223,4.178989972631276,32.86245309574636,7.054993255901466
30.078456750883376,4.046353701844375,32.303338418826925,6.985140627275887
30.64000948142803,4.20634369202713,35.80545339761875,8.013130303544232
32.74558784231207,4.778945138603611,34.97445318682731,6.320606764708204
34.47952771941722,4.1915551985839405,36.30791135583845,5.49048014094255
38.074488376373814,3.8132858250329265,37.19483522613939,7.667639384853622
37.6477970206422,5.005080895555612,35.70437324087779,9.182088259742613
39.2566677347156,4.774920021369705,36.640102718381826,10.176320115794024
37.68706484926263,4.041699290535457,36.2854661359572,10.450137284815789
38.68426322768776,5.677763209061199,36.97886642221766,9.978171599993649
38.22611645112569,5.880729461151337,35.79815658297506,10.833202727870148
38.02969301302601,5.157803429943108,32.48268722291067,10.97411486179132
37.59539344855882,5.02935562172266,33.86021071689284,11.448921772901182
37.12075453794952,5.173547036738761,32.86900099393189,11.95369272035335
37.55640643150245,5.0673864503880885,33.52451660022464,11.373345060935415
37.34910320712221,5.978924909804314,30.530104647932035,11.257936177374855
34.556444660626546,5.147032186639455,30.159927345744876,11.715910989785405
34.331352692819436,5.987857904173831,31.72636232511526,11.689007288662115
33.67471863228125,5.254534827578594,31.127465377121418,11.298966350473638
35.30860081761296,5.364758510667232,29.494977651432084,11.895502258868662
34.34959651283416,7.09723959593102,29.50507667307007,13.71018051106821
35.44694119184406,5.411230156567549,29.42957654298791,12.227907818901283
33.92917499532428,7.137128372272978,29.631217658730193,13.06642786038329
35.13954737619362,6.302139313726859,29.505952982825573,12.724338770898173
35.15770749080778,8.95285617415132,29.46317675631212,13.474111203201964
32.647293095283594,10.197443825039219,29.55047598958157,11.995233641531586
31.992095617841354,8.44128312167068,29.460051047592007,14.689484843325578
32.57057906816317,8.586619510015966,29.509353578128483,15.33178071147757
31.866150477034047,10.25665331524182,29.53235325043063,14.831756282551767
31.91086311246151,10.304941587628663,29.49226325953742,15.67398973040625
32.4613313091922,10.568907363412544,29.56072636157157,14.81093902499179
32.21049557086267,10.425171402149319,27.83258585417682,15.040277570073597
33.95847610212823,10.452757684944878,28.45056896428826,15.059878920913617
32.86678456214292,10.113774930229273,25.227473376980175,14.771364323340055
23.130558422128264,10.147225811672056,30.665085029627445,15.517608226226443
22.423633183430667,10.439558675372663,28.549513234110783,15.27659864717866
25.03701086642495,7.983835122664276,27.866356206078997,13.310233625635869
30.911752101836406,9.42331753341288,23.78253395956215,14.067153056653828
26.265663697123227,8.799861784120077,22.784995357875847,11.22295597059781
17.658986046171826,6.6776981252190035,17.229824708172803,10.9281795452127
12.95769995116188,5.430060766697911,24.18211316364358,6.863176241042494
7.197379722708521,4.579817684597646,10.348093138228604,7.159844412238774
4.7405807206894215,2.455949981388675,6.667783601705866,0.41671907104432226
7.721995048832479,2.1403408500898777,10.760782614051378,1.931471466126886
6.8122200658760566,2.050491682058433,7.107159463730217,0.27554444825625896
1.9056053808755749,1.288381443002864,9.85256267166362,0.099816718428659
0.7500043879913012,1.258735206292152,18.09361305220176,-0.6523980272665356
1.808260812193568,4.869925125616392,12.874339810436116,3.476616677187065
0.39235452848272406,1.3692233409906631,13.09298493931681,0.7590693687869184
2.6989713447414716,1.437789035452948,13.002071516087494,0.42287871371986446
-0.6940615250366702,1.1478612398290775,16.720486743677448,-0.073705960679594
1.2778426247621344,0.4489813977591482,25.844991943508333,0.4411538548532886
8.695217297044147,1.920138985903138,21.814078885078164,0.6107851687903736
7.865012573772931,1.4101050447132548,19.06439341434183,0.6059031331212605
6.162549355205475,1.0229982791262135,23.554804744178963,-0.5160674658985974
8.547809965424376,2.658253017814075,29.111965220752886,-0.25651145507031464
5.679878345002467,2.5446378955369897,26.430594217442803,0.8621965015066592
12.16745584679856,2.9859217731027976,28.00051800952532,0.7555243865683772
14.694480169976776,2.569620236967585,26.43264465837584,-0.08881463777938033
18.352972714847343,2.41600637423422,26.95014990804254,1.2052958403604346
13.842944121200675,2.1409353848764265,27.1397628836889,6.071070213193119
20.777406055288278,2.3911528705316165,29.57319210348265,4.162135385348412
23.295511283747018,2.543261380074502,29.86625236168037,4.736076802883555
25.609857689132724,4.236296221435511,34.419721990673196,3.5318663823216316
25.99610532654878,3.720140844344048,32.32562266847028,6.540810749038248
28.426242469444983,4.475220497734195,34.25184893891936,10.335189559824137
26.562762230694915,4.469833220019827,36.37458172458994,6.672839297469427
32.544074013437466,4.4768062789483025,36.273394588697975,6.368588493493846
35.36387094557615,4.0715329157386995,36.15397812111595,9.05673168816942
36.35207241624352,3.5567621531906197,36.12641253019485,6.4873760754544545
37.39909290554957,4.135863529385938,36.044667433282974,10.165747576680511
37.25749431911641,5.000937992163138,36.305425791727636,10.333383084215203
37.86048181324467,3.8637645753062064,36.331056487819005,9.614794093520812
35.88623922340262,5.286382786905033,36.05676338097659,10.312100346403454
38.27131219892574,4.530609812564342,35.138958607203946,9.787428615101527
37.720802043453936,4.923065249695895,34.29375038314151,11.865323957323312
36.70157249449566,5.479940218215091,34.74316065245993,11.927860718724851
37.230818054833804,5.690176969951806,32.7127105419277,12.063197669778061
36.728107662259085,5.344072586860567,33.90109461770519,10.904631284768117
36.324539056763015,5.85611709691263,30.402080805317198,11.79383933014015
35.17032561628389,5.3231711393928105,30.36053837625468,11.672407659776304
34.573509039888116,6.02582347406515,30.63621554566033,11.29528237408363
35.1100286268606,5.674776341929262,30.70644212248421,11.286986168244383
35.261787649797135,5.479320143318173,29.541163178972297,11.862600936871027
34.83011074267986,7.3823057545498525,29.50180331264366,12.64652388295309
35.07355950951001,6.399476887654445,29.50795645859674,12.819564692457046
35.134742346371134,6.851368291557237,29.44164956283363,13.160050660123975
35.39468219661167,7.084554667487832,29.371958456085753,12.664630992291334
34.94520072821403,7.642524085216102,29.583842802978705,14.3498332314628
31.64212242036344,8.927705106392043,29.338276615421883,12.873701634023133
32.61417187825791,8.76351642345646,29.462272156594835,15.37572504073418
32.44372002986793,9.476083658919078,29.527940161506415,14.79319641785944
32.84775122600125,10.813129611778521,29.6109810180279,15.650354982544455
33.83458700024957,10.612608737729738,29.550323223138253,15.262806029183453
32.632661350599534,10.442645569097811,29.347374165852145,15.296825330182186
32.75984776400681,10.542008743918858,25.1221179038841,15.330468858083114
32.149744377243934,10.611486615926621,27.042190120100692,15.313915848070197
32.91577194294635,10.579432440481579,26.022600819501594,14.725032230030786
27.121259995101713,10.530494335198389,24.796476943285622,15.361085872754911
27.663061265577102,10.659850409798844,27.323109789183064,15.670871179715553
25.46638177260758,10.082989723867719,28.368748087332197,12.386704636656072
24.796907464069704,8.992882053701578,20.53757443164196,11.76956473257265
22.59211577552422,9.444942943695535,22.194978273340936,11.737506687468535
13.785575863264254,7.681406926052037,22.852137744669253,10.511026994752156
10.985793777953312,6.656846829551188,14.028666403544914,8.862638826588217
8.303885856133963,3.9518035516973837,12.635015335844889,7.500112359992557
10.748508987253247,2.967687854664338,9.239397219598391,1.6674434738955763
5.76479382018547,0.4987743699270723,14.28777616241402,1.6714381050418818
6.510584439420508,1.0707186596494795,8.41551035739739,1.1704788279492386
-1.148993846546321,0.8604296489515871,9.033774393888313,0.1527573827779741
1.0297590566646986,0.7859116505507988,12.906674974397127,0.7246820039191394
0.6096487198258437,5.384470569883214,7.173410649928123,2.380522529235695
-0.7574404250906945,0.33314587019487524,15.754101104001133,-0.4672070132150841
-1.3268127373585155,1.487768053283655,8.445202919027711,-0.4456836085011095
0.35545896872615074,0.3357032271195255,22.07787389648522,0.7283090143078426
1.3203489697211932,1.7223698146787214,27.480819961469404,-0.22320338052666908
6.540120885359346,0.870915101848129,20.82331080884522,-0.19775253140417978
8.091941841890588,1.3014268954749428,19.961939467599002,0.015149785963083673
8.586745453372583,0.2866973825514704,20.073363147503393,0.24311404986075827
7.725798880283317,2.5721379426792788,27.560845371904062,0.21583468691458246
7.6358818139755185,2.5871759280039393,28.248605021718387,0.5748308223082971
11.448212634983179,2.7773316095745297,28.769456829980793,0.5349839270856209
22.52860169428811,2.6310863565256186,27.99224125471392,1.0855493756626908
16.214638313998016,2.536740582306986,27.38966275833139,3.874646784659006
13.96277405176729,2.6377689781964664,26.488333404481843,3.758323457944007
11.584357270888205,2.8004890330092675,29.54084276406868,1.5647476187366904
26.913132048297165,2.6112361733876455,30.12759275706314,3.8629433734860252
26.52557318785094,4.293728763866255,33.61993604865764,3.5578958570932753
27.446550842190348,4.4662518337809995,32.551340720910744,4.901680402611502
28.60154899179612,3.5951681743283257,33.84544154057446,4.147902904644386
27.87604851934571,4.1934242297630755,35.04763967217667,6.934436004160977
32.72414675710813,3.574304684632169,37.01620511682177,9.714869123284897
34.10350197924897,4.673735285795347,36.17135570052966,9.146932978733714
37.6135599055129,4.308929120060068,36.96318452051121,8.415471798190252
37.95033530026662,4.5989399275530705,36.05088648559273,11.100922487543468
37.26021715158061,4.271381984108633,36.14983236078373,9.419681560870245
37.37575497167388,4.3853577428512045,35.83365450598577,9.856644881933867
38.20420523693468,5.2724811602214094,35.42084582805905,9.617849127688542
36.204573448195234,5.061209823322488,35.75692984382192,9.83478282573375
37.11628191479915,5.847942119505434,32.25258841732782,11.458957778319958
36.8143164667039,5.751839480342273,33.872205775452706,11.397688116114681
38.0857360353254,5.944121462991965,33.89547329500935,11.58792059336383
37.213316835736585,4.843925955373736,33.08097464595335,12.148974472632206
36.95167656617036,5.6379766173845445,30.055625271492517,11.362166725000808
35.04023593364733,5.040062465914615,30.18316876739656,11.577920865395843
35.82347285342091,5.972665992623943,30.78532794202316,11.851652496952664
34.87369404194129,4.942293095823429,30.645584669380668,11.651673004130345
34.78848375981728,5.557923021513599,29.45631973234195,11.575613549729947
34.87208760750547,7.559558640279986,29.40728346481342,13.162883683079048
35.21606614496436,6.115631517041891,29.434510905867757,13.317245950253724
33.66232985178562,6.2097392750038924,29.429124959014995,13.022729272500541
36.03995644546911,7.144186611545915,29.52950634774567,14.445795322398483
35.888118503024785,8.205917745400015,29.491791633764684,12.402997824279694
33.008151685059175,8.836484676763932,29.445190550530025,12.878968642438421
32.54071319647087,8.232160397462675,29.60003930484086,14.595145027392682
33.41332813975148,7.850178939021807,29.419890712569583,15.259344665059693
32.55844456762628,10.325369603944003,29.554288372637988,15.023055356601521
32.90820384334879,10.586814869794345,29.487594581408015,15.1858002256817
33.132358512482284,10.611047719554934,29.510094027207142,14.88453814437101
31.772192884015144,10.15235606518117,27.764385004633194,15.908520251227868
32.62122195692554,10.717019418055434,26.957851583015465,14.730549600178866
32.86002323118916,10.314593784274894,28.260498715510526,15.559581521873199
28.023925401845602,10.107358408943936,28.019574048976786,15.093691358524822
25.329680601338403,10.438739624187932,25.81469711256689,14.867973016820121
27.91831118938906,8.29316299124747,26.174778551097535,13.147666478354088
26.592895843874842,7.183112361890163,27.443835429763343,13.704565481712194
25.329999293780812,8.670966727985943,23.72608017776622,11.510816909842925
21.778998006552687,6.6078305082928495,23.283894847872826,9.431866451222621
19.576168566872738,5.839936480655522,21.88961280865614,6.420105492984721
9.54245321008598,3.7881372091511905,17.969390340156625,6.453433782753504
5.578989102550089,2.8011117462794615,13.940752104502923,2.7041532830953408
7.318196967785271,1.5560951025378391,13.572476244605252,1.7235934793517447
9.459477541645034,0.3039126809139878,10.456893527724182,0.46995325508456254
1.3810558471950725,0.8941677425121088,9.170500502286908,0.20519153199567702
1.8417792997276603,0.8495380568549539,14.41723090471297,0.6985345556784747
